Recipies_name, Steps_Step_Description
Spiced Chickpea Curry with Coconut Milk,"Heat oil in a pot or dutch oven over medium heat"
Spiced Chickpea Curry with Coconut Milk,"Add onions and cook until softened"
Spiced Chickpea Curry with Coconut Milk,"Add spices and cook for 1 minute"
Spiced Chickpea Curry with Coconut Milk,"Add tomatoes (diced or canned) and cook for 5 minutes"
Spiced Chickpea Curry with Coconut Milk,"Add coconut milk, chickpeas, and broth (optional)"
Spiced Chickpea Curry with Coconut Milk,"Simmer for 15-20 minutes, or until thickened"
Spiced Chickpea Curry with Coconut Milk,"Season with salt and pepper to taste"
Spiced Chickpea Curry with Coconut Milk,"Serve over rice and garnish with cilantro (optional)"
One-Pan Lemon Garlic Salmon with Asparagus,"Preheat oven to 400°F (200°C)"
One-Pan Lemon Garlic Salmon with Asparagus,"Line a baking sheet with parchment paper"
One-Pan Lemon Garlic Salmon with Asparagus,"Toss asparagus with olive oil, salt, and pepper"
One-Pan Lemon Garlic Salmon with Asparagus,"Spread asparagus on the baking sheet"
One-Pan Lemon Garlic Salmon with Asparagus,"Place salmon fillets on top of the asparagus"
One-Pan Lemon Garlic Salmon with Asparagus,"In a small bowl, combine melted butter, lemon juice, garlic, and herbs"
One-Pan Lemon Garlic Salmon with Asparagus,"Pour the lemon garlic sauce over the salmon"
One-Pan Lemon Garlic Salmon with Asparagus,"Bake for 15-20 minutes, or until salmon is cooked through"
Penne Arrabbiata,"Bring a large pot of salted water to a boil"
Penne Arrabbiata,"Cook penne according to package instructions"
Penne Arrabbiata,"While pasta is cooking, heat olive oil in a pan over medium heat"
Penne Arrabbiata,"Add garlic and red pepper flakes, cook until fragrant"
Penne Arrabbiata,"Add crushed tomatoes, salt, and pepper"
Penne Arrabbiata,"Simmer for 10 minutes"
Penne Arrabbiata,"Drain pasta, reserving some pasta water"
Penne Arrabbiata,"Toss pasta with the tomato sauce, adding reserved pasta water for desired consistency"
Penne Arrabbiata,"Garnish with fresh parsley (optional)"
Chicken Fajitas,"Marinate chicken in fajita seasoning for at least 30 minutes"
Chicken Fajitas,"Heat a large skillet or grill pan over medium-high heat"
Chicken Fajitas,"Add sliced peppers and onions, cook until softened"
Chicken Fajitas,"Remove peppers and onions from the pan"
Chicken Fajitas,"Cook chicken strips in the pan until browned"
Chicken Fajitas,"Warm tortillas in a skillet or microwave"
Chicken Fajitas,"Serve chicken fajitas with peppers, onions, tortillas, and your favorite toppings (salsa, guacamole, sour cream)"
Beef and Broccoli Stir-fry,"Cut beef into thin strips"
Beef and Broccoli Stir-fry,"Marinate beef in soy sauce, cornstarch, and sesame oil (optional)"
Beef and Broccoli Stir-fry,"Heat oil in a wok or large skillet over high heat"
Beef and Broccoli Stir-fry,"Stir-fry beef until browned"
Beef and Broccoli Stir-fry,"Remove beef from the pan and set aside"
Beef and Broccoli Stir-fry,"Add broccoli florets to the pan and stir-fry for 2-3 minutes"
Beef and Broccoli Stir-fry,"In a bowl, combine soy sauce, cornstarch, water, and sugar (optional)"
Beef and Broccoli Stir-fry,"Pour the sauce into the pan with the broccoli and bring to a simmer"
Beef and Broccoli Stir-fry,"Return beef to the pan and cook until heated through"
Tuscan White Bean Soup,"Heat olive oil in a large pot or Dutch oven over medium heat"
Tuscan White Bean Soup,"Add chopped onions, carrots, and celery. Cook until softened"
Tuscan White Bean Soup,"Add garlic and cook for 1 minute"
Tuscan White Bean Soup,"Add chopped tomatoes (fresh or canned) and cook for 5 minutes"
Tuscan White Bean Soup,"Add cannellini beans (drained and rinsed), vegetable broth, and dried herbs (thyme, rosemary)"
Tuscan White Bean Soup,"Bring to a boil, then reduce heat and simmer for 30 minutes"
Tuscan White Bean Soup,"Season with salt and pepper to taste"
Tuscan White Bean Soup,"Garnish with chopped fresh parsley (optional)"
Greek Yogurt Marinade Chicken Souvlaki,"In a bowl, whisk together Greek yogurt, lemon juice, olive oil, garlic, oregano, and paprika"
Greek Yogurt Marinade Chicken Souvlaki,"Add chicken pieces and toss to coat"
Greek Yogurt Marinade Chicken Souvlaki,"Marinate for at least 30 minutes, or up to overnight"
Greek Yogurt Marinade Chicken Souvlaki,"Preheat grill or grill pan to medium-high heat"
Greek Yogurt Marinade Chicken Souvlaki,"Thread chicken pieces onto skewers"
Greek Yogurt Marinade Chicken Souvlaki,"Grill souvlaki for 5-7 minutes per side, or until cooked through"
Greek Yogurt Marinade Chicken Souvlaki,"Serve with pita bread, tzatziki sauce, and salad (optional)"
Pad Thai,"Soak rice noodles in warm water for 15 minutes"
Pad Thai,"Whisk together eggs, fish sauce, soy sauce, and sugar in a bowl"
Pad Thai,"Heat oil in a wok or large skillet over medium heat"
Pad Thai,"Scramble the eggs in the pan, then set aside"
Pad Thai,"Add tofu (cubed and pan-fried) or chicken (cooked and shredded) to the pan"
Pad Thai,"Stir-fry vegetables (bean sprouts, chopped peanuts, scallions) for a few minutes"
Pad Thai,"Pour the egg mixture back into the pan and toss to combine"
Pad Thai,"Drain the rice noodles and add them to the pan"
Pad Thai,"Add tamarind paste (or lime juice) and stir-fry until noodles are heated through"
Pad Thai,"Garnish with chopped cilantro and a squeeze of lime (optional)"
Ratatouille,"Preheat oven to 400°F (200°C)"
Ratatouille,"Slice eggplant, zucchini, yellow squash, and bell peppers"
Ratatouille,"In a bowl, toss vegetables with olive oil, salt, and pepper"
Ratatouille,"Spread vegetables in a single layer on a baking sheet"
Ratatouille,"Roast for 20-25 minutes, or until tender"
Ratatouille,"In a separate pan, heat olive oil and saute chopped onions and garlic"
Ratatouille,"Add chopped tomatoes (fresh or canned) and simmer for 10 minutes"
Ratatouille,"Layer the roasted vegetables in a baking dish with the tomato sauce"
Ratatouille,"Bake for an additional 10 minutes"
Ratatouille,"Garnish with fresh herbs (basil, thyme) (optional)"
Chicken Tikka Masala,"Marinate chicken pieces in yogurt, lemon juice, ginger, garlic, and spices (garam masala, turmeric, cumin) for at least 30 minutes"
Chicken Tikka Masala,"Heat oil in a pan over medium heat"
Chicken Tikka Masala,"Add chopped onions and cook until softened"
Chicken Tikka Masala,"Add spices (cumin, coriander) and cook for 1 minute"
Chicken Tikka Masala,"Add chopped tomatoes (fresh or canned) and cook for 5 minutes"
Chicken Tikka Masala,"Pour in coconut milk and chicken broth"
Chicken Tikka Masala,"Bring to a simmer and add the marinated chicken"
Chicken Tikka Masala,"Cook for 15-20 minutes, or until chicken is cooked through"
Chicken Tikka Masala,"Season with salt and pepper to taste"
Chicken Tikka Masala,"Serve over rice and garnish with fresh cilantro (optional)"
Caprese Salad,"Slice tomatoes and fresh mozzarella cheese"
Caprese Salad,"Arrange tomatoes and mozzarella on a plate in an alternating pattern"
Caprese Salad,"Drizzle with olive oil and balsamic vinegar"
Caprese Salad,"Season with salt and pepper to taste"
Caprese Salad,"Garnish with fresh basil leaves (optional)"
Beef Stroganoff,"Cut beef into thin strips"
Beef Stroganoff,"Marinate beef in a mixture of soy sauce, Worcestershire sauce, and pepper (optional)"
Beef Stroganoff,"Heat butter in a large pan over medium heat"
Beef Stroganoff,"Saute sliced onions and mushrooms until softened"
Beef Stroganoff,"Remove vegetables from the pan and set aside"
Beef Stroganoff,"Add the beef strips to the pan and cook until browned"
Beef Stroganoff,"Return the vegetables to the pan"
Beef Stroganoff,"Stir in flour and cook for 1 minute"
Beef Stroganoff,"Gradually whisk in beef broth and bring to a simmer"
Beef Stroganoff,"Add Dijon mustard, tomato paste, and sour cream"
Beef Stroganoff,"Simmer for 5-10 minutes, or until thickened"
Beef Stroganoff,"Season with salt and pepper to taste"
Beef Stroganoff,"Serve over cooked egg noodles"
Kung Pao Chicken,"Marinate chicken pieces in soy sauce, cornstarch, and Shaoxing wine (or sherry) for at least 30 minutes"
Kung Pao Chicken,"Heat oil in a wok or large skillet over high heat"
Kung Pao Chicken,"Stir-fry peanuts for a few minutes, then remove and set aside"
Kung Pao Chicken,"Stir-fry dried chilies and Sichuan peppercorns until fragrant"
Kung Pao Chicken,"Remove chilies and peppercorns with a slotted spoon"
Kung Pao Chicken,"Add the chicken pieces to the pan and cook until browned"
Kung Pao Chicken,"Add chopped vegetables (bell peppers, scallions, celery)"
Kung Pao Chicken,"Stir-fry for a few minutes"
Kung Pao Chicken,"Pour in the prepared sauce (soy sauce, vinegar, sugar, cornstarch mixture)"
Kung Pao Chicken,"Stir-fry until the sauce thickens"
Kung Pao Chicken,"Return the peanuts to the pan and toss to combine"
Kung Pao Chicken,"Serve over rice"
Salmon with Lemon Dill Sauce,"Preheat oven to 400°F (200°C)"
Salmon with Lemon Dill Sauce,"Season salmon fillets with salt and pepper"
Salmon with Lemon Dill Sauce,"In a small bowl, combine melted butter, lemon juice, chopped dill, and garlic (optional)"
Salmon with Lemon Dill Sauce,"Place salmon fillets in a baking dish"
Salmon with Lemon Dill Sauce,"Pour the lemon dill sauce over the salmon"
Salmon with Lemon Dill Sauce,"Bake for 12-15 minutes, or until salmon is cooked through"
Salmon with Lemon Dill Sauce,"Serve with roasted vegetables or rice (optional)"
Scrambled Eggs,"Whisk eggs, salt, and pepper in a bowl"
Scrambled Eggs,"Heat butter in a non-stick skillet over medium heat"
Scrambled Eggs,"Pour in the egg mixture and reduce heat to medium-low"
Scrambled Eggs,"Gently fold the eggs with a spatula until cooked through, but still moist"
Scrambled Eggs,"Remove from heat and serve immediately"
Pasta Primavera,"Bring a large pot of salted water to a boil"
Pasta Primavera,"Cook pasta according to package directions"
Pasta Primavera,"While pasta cooks, prepare the vegetables (e.g., chop broccoli, carrots, etc.)"
Pasta Primavera,"Heat olive oil in a large skillet over medium heat"
Pasta Primavera,"Sauté vegetables until tender-crisp"
Pasta Primavera,"Drain pasta, reserving some pasta water"
Pasta Primavera,"Toss cooked pasta, vegetables, and your favorite sauce (e.g., pesto, marinara) in a large bowl"
Pasta Primavera,"Add a splash of reserved pasta water to create a desired consistency"
Pasta Primavera,"Season with salt and pepper to taste"
Pasta Primavera,"Serve immediately"
Beef Wellington,"Butterfly a beef tenderloin by carefully slicing it horizontally, leaving one side attached"
Beef Wellington,"Season the tenderloin with salt and pepper"
Beef Wellington,"Spread a layer of Dijon mustard over the tenderloin"
Beef Wellington,"Layer prosciutto slices over the mustard-coated tenderloin"
Beef Wellington,"Spread a layer of duxelles (a mushroom paste) over the prosciutto"
Beef Wellington,"Roll up the tenderloin tightly, securing it with butcher's twine"
Beef Wellington,"Sear the Wellington in a hot skillet on all sides until browned"
Beef Wellington,"Transfer the Wellington to a baking sheet and brush with beaten egg"
Beef Wellington,"Bake in a preheated oven at 400°F (200°C) until cooked through to desired doneness"
Beef Wellington,"Let rest for 10 minutes before slicing and serving"
Tuna Salad Sandwich,"Mix flaked tuna with mayonnaise, chopped celery, onion (optional), and seasonings (e.g., salt, pepper, lemon juice)"
Tuna Salad Sandwich,"Spread the tuna salad mixture on one slice of bread"
Tuna Salad Sandwich,"Top with lettuce, tomato, and other desired toppings (optional)"
Tuna Salad Sandwich,"Add the other slice of bread and enjoy"
Chicken Pot Pie,"Preheat oven to 400°F (200°C)"
Chicken Pot Pie,"Cook diced chicken breasts or thighs in a pot until cooked through"
Chicken Pot Pie,"Sauté chopped vegetables (e.g., carrots, peas, onions) in butter or olive oil"
Chicken Pot Pie,"Prepare a chicken gravy using broth, flour, and seasonings"
Chicken Pot Pie,"Combine cooked chicken, vegetables, and gravy in a baking dish"
Chicken Pot Pie,"Line a pie dish with puff pastry or pie crust"
Chicken Pot Pie,"Pour the chicken mixture into the lined pie dish"
Chicken Pot Pie,"Top with another layer of puff pastry or pie crust, crimping the edges to seal"
Chicken Pot Pie,"Brush the top crust with milk or egg wash for browning"
Chicken Pot Pie,"Bake for 30-40 minutes, or until the crust is golden brown and the filling is bubbly"
Chicken Pot Pie,"Let cool slightly before serving"
Sushi Bake,"Cook sushi rice according to package instructions"
Sushi Bake,"In a large bowl, combine cooked rice, sushi vinegar, sugar, and salt"
Sushi Bake,"Spread the seasoned rice in a baking dish lined with parchment paper"
Sushi Bake,"Top with your favorite sushi fillings (sliced vegetables, cooked seafood, cooked chicken)"
Sushi Bake,"Whisk together eggs with a splash of soy sauce"
Sushi Bake,"Pour the egg mixture over the sushi fillings"
Sushi Bake,"Bake in a preheated oven at 400°F (200°C) for 20-25 minutes, or until the egg is set"
Sushi Bake,"Slice and serve with soy sauce, pickled ginger, and wasabi (optional)"
Greek Yogurt Parfait with Granola and Berries,"Layer Greek yogurt, granola, and berries in a glass or parfait dish"
Greek Yogurt Parfait with Granola and Berries,"Repeat layers until the glass is full"
Greek Yogurt Parfait with Granola and Berries,"Drizzle with honey or maple syrup (optional)"
Greek Yogurt Parfait with Granola and Berries,"Garnish with fresh mint leaves (optional)"
Shakshuka,"Heat olive oil in a large skillet over medium heat"
Shakshuka,"Sauté chopped onions and peppers until softened"
Shakshuka,"Add chopped tomatoes (fresh or canned) and simmer for 10 minutes"
Shakshuka,"Season with spices (cumin, paprika, cayenne pepper) to taste"
Shakshuka,"Make indentations in the tomato sauce with a spoon"
Shakshuka,"Crack eggs into the indentations"
Shakshuka,"Cover the pan and simmer for 5-7 minutes, or until egg whites are set and yolks are cooked to desired doneness"
Shakshuka,"Garnish with chopped fresh parsley and crumbled feta cheese (optional)"
Shakshuka,"Serve with pita bread"
Chicken Alfredo,"Cook fettuccine or other pasta according to package instructions"
Chicken Alfredo,"While the pasta is cooking, melt butter in a large pan over medium heat"
Chicken Alfredo,"Whisk in flour and cook for 1 minute"
Chicken Alfredo,"Gradually whisk in milk or cream and bring to a simmer"
Chicken Alfredo,"Simmer for 5 minutes, or until sauce thickens"
Chicken Alfredo,"Season with Parmesan cheese, salt, and pepper to taste"
Chicken Alfredo,"Add cooked chicken pieces (grilled, shredded, or leftover) to the sauce"
Chicken Alfredo,"Toss drained pasta with the Alfredo sauce"
Chicken Alfredo,"Serve with additional Parmesan cheese and chopped fresh parsley (optional)"
Tacos,"Season ground beef or other protein (chicken, lentils) with taco seasoning"
Tacos,"Brown the protein in a skillet over medium heat"
Tacos,"Warm corn tortillas in a skillet or microwave"
Tacos,"Fill tortillas with your favorite toppings (protein, lettuce, cheese, salsa, sour cream, guacamole)"
Tacos,"Fold the tortillas and enjoy!" 
Mushroom Risotto,"Heat butter or olive oil in a large saucepan over medium heat"
Mushroom Risotto,"Sauté chopped shallots or onions until softened"
Mushroom Risotto,"Add chopped mushrooms and cook until browned"
Mushroom Risotto,"Add arborio rice and toast for a minute, stirring constantly"
Mushroom Risotto,"Pour in white wine (optional) and let it simmer until evaporated"
Mushroom Risotto,"Gradually add warm broth, one ladleful at a time, stirring constantly and allowing the rice to absorb the liquid before adding more"
Mushroom Risotto,"Continue adding broth until the rice is cooked through and creamy, about 20-25 minutes"
Mushroom Risotto,"Stir in grated Parmesan cheese and butter (optional)"
Mushroom Risotto,"Season with salt and pepper to taste"
Mushroom Risotto,"Garnish with fresh herbs (e.g., parsley, thyme) and serve immediately"
Avocado Toast,"Mash a ripe avocado with a fork"
Avocado Toast,"Season the mashed avocado with salt, pepper, and lemon juice (optional)"
Avocado Toast,"Spread the avocado mixture on toasted bread"
Avocado Toast,"Top with your favorite toppings (e.g., sliced tomatoes, red onion, crumbled feta cheese, a fried egg)"
Avocado Toast,"Drizzle with olive oil and hot sauce (optional)"
Lasagna,"Preheat oven to 375°F (190°C)"
Lasagna,"Prepare your favorite marinara sauce or use a store-bought option"
Lasagna,"Cook lasagna noodles according to package directions"
Lasagna,"In a baking dish, spread a thin layer of marinara sauce"
Lasagna,"Layer cooked lasagna noodles over the sauce"
Lasagna,"Top with ricotta cheese and grated mozzarella cheese"
Lasagna,"Repeat layers of sauce, noodles, ricotta, and mozzarella until the dish is filled"
Lasagna,"Top with an additional layer of marinara sauce and mozzarella cheese"
Lasagna,"Bake for 30-35 minutes, or until the cheese is melted and bubbly"
Lasagna,"Let cool slightly before serving"
Bibimbap,"Cook short-grain rice according to package directions"
Bibimbap,"Prepare various toppings (e.g., thinly sliced marinated beef, stir-fried vegetables like spinach, carrots, bean sprouts, sunny-side up egg)"
Bibimbap,"Heat a pan and cook the chosen protein (e.g., beef) according to preference"
Bibimbap,"In a heated bowl, arrange cooked rice"
Bibimbap,"Top the rice with your prepared vegetables and protein"
Bibimbap,"Place the sunny-side up egg in the center"
Bibimbap,"Season with gochujang (Korean chili paste), soy sauce, and sesame oil"
Bibimbap,"Mix everything together in the bowl before enjoying"
Chicken Noodle Soup,"Bring a large pot of water to a boil"
Chicken Noodle Soup,"Add whole chicken breasts or thighs (bone-in or boneless) and cook until cooked through"
Chicken Noodle Soup,"Alternatively, use pre-cooked chicken and shred it"
Chicken Noodle Soup,"Remove chicken from the pot and let it cool slightly"
Chicken Noodle Soup,"Reduce heat to medium and add chopped vegetables (e.g., carrots, celery, onions) to the broth"
Chicken Noodle Soup,"Simmer the vegetables until tender-crisp"
Chicken Noodle Soup,"Add dried egg noodles or other desired pasta (e.g., small pasta shapes)"
Chicken Noodle Soup,"Season the soup with salt, pepper, and other desired herbs (e.g., parsley, thyme)"
Chicken Noodle Soup,"Shred the cooked chicken and add it back to the soup"
Chicken Noodle Soup,"Simmer for a few minutes to heat through"
Chicken Noodle Soup,"Serve hot"
Hummus and Veggie Wrap,"Spread hummus evenly on a whole wheat tortilla"
Hummus and Veggie Wrap,"Add your favorite chopped vegetables (cucumber, tomato, bell peppers, lettuce, spinach)"
Hummus and Veggie Wrap,"Optional additions: sliced avocado, crumbled feta cheese, sprouts"
Hummus and Veggie Wrap,"Roll up the tortilla tightly"
Hummus and Veggie Wrap,"Cut the wrap in half (optional)"
Beef Bourguignon,"Cut beef into bite-sized pieces"
Beef Bourguignon,"Brown the beef in a large Dutch oven over medium-high heat"
Beef Bourguignon,"Remove beef from the pot and set aside"
Beef Bourguignon,"Add chopped onions, carrots, and celery to the pot and saute until softened"
Beef Bourguignon,"Sprinkle flour over the vegetables and cook for 1 minute"
Beef Bourguignon,"Pour in red wine and scrape up any browned bits from the bottom of the pot"
Beef Bourguignon,"Add beef broth, tomato paste, and herbs (thyme, bay leaf) to the pot"
Beef Bourguignon,"Return the browned beef to the pot"
Beef Bourguignon,"Bring to a boil, then reduce heat and simmer for 2-3 hours, or until beef is tender"
Beef Bourguignon,"Season with salt and pepper to taste"
Beef Bourguignon,"Serve over mashed potatoes, egg noodles, or rice"
Fish Tacos,"Prepare your favorite fish for tacos (grilled, fried, or baked)" 
Fish Tacos,"Warm corn tortillas in a skillet or microwave"
Fish Tacos,"Prepare your favorite taco toppings (shredded cabbage, salsa, crema, avocado)"
Fish Tacos,"Place fish on tortillas and top with desired toppings"
Fish Tacos,"Serve with lime wedges" 
Black Bean Burgers,"Mash black beans in a bowl"
Black Bean Burgers,"Mix in breadcrumbs, an egg, chopped onion, and spices (cumin, chili powder)"
Black Bean Burgers,"Form the mixture into patties"
Black Bean Burgers,"Heat oil in a skillet over medium heat"
Black Bean Burgers,"Cook the black bean burgers for 3-4 minutes per side, or until browned and cooked through"
Black Bean Burgers,"Serve on hamburger buns with your favorite toppings (lettuce, tomato, cheese, sauce)"
Lentil Soup,"Rinse lentils in a colander"
Lentil Soup,"Heat olive oil in a large pot or Dutch oven over medium heat"
Lentil Soup,"Add chopped onions, carrots, and celery to the pot and saute until softened"
Lentil Soup,"Add garlic and cook for 1 minute"
Lentil Soup,"Add lentils, vegetable broth, and chopped tomatoes (fresh or canned)"
Lentil Soup,"Bring to a boil, then reduce heat and simmer for 30-40 minutes, or until lentils are tender"
Lentil Soup,"Season with salt and pepper to taste"
Lentil Soup,"Optional additions: chopped fresh herbs (parsley, thyme), lemon juice"
Lentil Soup,"Serve hot with crusty bread" 
Chicken Caesar Salad,"Grill or cook boneless, skinless chicken breasts to your liking"
Chicken Caesar Salad,"Alternatively, use rotisserie chicken and shred it"
Chicken Caesar Salad,"Wash and chop romaine lettuce"
Chicken Caesar Salad,"Croutons can be made by cubing bread, tossing with olive oil and seasonings, and baking until golden brown (optional)"
Chicken Caesar Salad,"For the dressing, whisk together lemon juice, Dijon mustard, Worcestershire sauce, garlic, anchovies (optional), Parmesan cheese, and olive oil"
Chicken Caesar Salad,"In a large bowl, combine romaine lettuce, shredded chicken, croutons (if using), and Caesar dressing"
Chicken Caesar Salad,"Toss to coat and season with salt and pepper to taste"
Chicken Caesar Salad,"Garnish with grated Parmesan cheese and serve immediately"
French Toast,"Whisk together eggs, milk, vanilla extract (optional), cinnamon, and a pinch of salt in a shallow dish"
French Toast,"Heat butter in a skillet over medium heat"
French Toast,"Dip bread slices into the egg mixture, ensuring even coating"
French Toast,"Fry the bread slices in the skillet until golden brown on both sides"
French Toast,"Serve immediately with your favorite toppings (e.g., maple syrup, fresh fruit, whipped cream)"
Moussaka,"Preheat oven to 375°F (190°C)"
Moussaka,"Brown ground lamb or beef in a large skillet"
Moussaka,"Add chopped onions and garlic, and cook until softened"
Moussaka,"Stir in tomato puree, red wine (optional), and seasonings (e.g., oregano, thyme, cinnamon)"
Moussaka,"Simmer the meat sauce until thickened"
Moussaka,"In a separate pan, fry thinly sliced eggplant until golden brown"
Moussaka,"Prepare a béchamel sauce by melting butter, whisking in flour, and gradually adding milk while stirring constantly until thickened"
Moussaka,"In a baking dish, layer the fried eggplant slices"
Moussaka,"Top with the meat sauce"
Moussaka,"Pour the béchamel sauce over the top, spreading evenly"
Moussaka,"Bake for 30-40 minutes, or until golden brown and bubbly"
Moussaka,"Let cool slightly before serving"
Paella Valenciana,"Heat olive oil in a large paella pan or skillet over medium heat"
Paella Valenciana,"Sauté chopped chicken, chorizo, and shrimp (or other seafood) until browned"
Paella Valenciana,"Add chopped onions, garlic, and bell peppers, and cook until softened"
Paella Valenciana,"Stir in bomba rice (or short-grain rice) and toast for a minute"
Paella Valenciana,"Pour in hot chicken broth or seafood stock, saffron threads, and chopped tomatoes"
Paella Valenciana,"Season with salt, pepper, and smoked paprika"
Paella Valenciana,"Bring to a boil, then reduce heat to low, cover, and simmer for 18-20 minutes, or until the rice is cooked and the liquid is absorbed"
Paella Valenciana,"Scatter green peas and sliced lemon over the top (optional)"
Paella Valenciana,"Let stand for 5 minutes before serving"
Falafel Pita Pockets,"Prepare falafel according to your preferred recipe or purchase pre-made falafel balls"
Falafel Pita Pockets,"Warm pita bread in a skillet or oven"
Falafel Pita Pockets,"In each pita bread, place a few falafel balls"
Falafel Pita Pockets,"Add chopped vegetables (e.jména hummus, tahini, chopped tomatoes, onions, cucumbers) and desired sauces (e.g., tahini sauce, hot sauce) according to your preference"
Falafel Pita Pockets,"Wrap the pita bread to enclose the filling and enjoy"
Guacamole,"Cut ripe avocados in half, remove the pit, and scoop the flesh into a bowl"
Guacamole,"Mash the avocado with a fork or potato masher to your desired consistency (chunky or smooth)"
Guacamole,"Add chopped onion, cilantro, and jalapeño pepper (optional)"
Guacamole,"Squeeze in fresh lime juice to taste"
Guacamole,"Season with salt and pepper to taste"
Guacamole,"Serve immediately with chips or vegetables for dipping"
Spaghetti Carbonara,"Whisk together eggs, grated Parmesan cheese, and black pepper in a bowl"
Spaghetti Carbonara,"Cook spaghetti according to package directions"
Spaghetti Carbonara,"Reserve some pasta water before draining"
Spaghetti Carbonara,"While pasta cooks, heat olive oil in a skillet and cook chopped pancetta or bacon until crispy"
Spaghetti Carbonara,"Remove the pancetta/bacon from the skillet, leaving the rendered fat"
Spaghetti Carbonara,"Whisk a small amount of the reserved pasta water into the egg mixture"
Spaghetti Carbonara,"Drain the cooked spaghetti and immediately toss it with the hot pancetta/bacon fat"
Spaghetti Carbonara,"Pour the egg mixture over the hot pasta, tossing constantly to coat and emulsify the sauce (the heat from the pasta will cook the eggs)"
Spaghetti Carbonara,"Gradually add more reserved pasta water as needed to create a desired sauce consistency"
Spaghetti Carbonara,"Toss in the cooked pancetta/bacon and grated Parmesan cheese"
Spaghetti Carbonara,"Serve immediately with additional Parmesan cheese and black pepper for garnish (optional)"
Fruit Salad,"Wash and chop your favorite fruits (e.g., strawberries, bananas, apples, grapes, melons)"
Fruit Salad,"Combine the chopped fruits in a large bowl"
Fruit Salad,"For a dressing (optional), whisk together lemon juice, honey, and mint (or other desired herbs)"
Fruit Salad,"Pour the dressing over the fruit salad (optional)"
Fruit Salad,"Toss to coat and serve immediately"
Apple Crumble,"Preheat oven to 375°F (190°C)"
Apple Crumble,"In a bowl, toss sliced apples with lemon juice, sugar, and cinnamon"
Apple Crumble,"For the crumble topping, mix together flour, rolled oats, cold butter (cubed), and brown sugar using your fingertips until crumbly"
Apple Crumble,"Transfer the apples to a baking dish"
Apple Crumble,"Sprinkle the crumble topping evenly over the apples"
Apple Crumble,"Bake for 30-35 minutes, or until the apples are tender and the topping is golden brown"
Apple Crumble,"Serve warm with vanilla ice cream or whipped cream (optional)"
Chicken Katsu Curry,"Pound boneless, skinless chicken breasts thin and even"
Chicken Katsu Curry,"Dredge the chicken in flour, then beaten egg, and finally panko breadcrumbs for a crispy coating"
Chicken Katsu Curry,"Heat vegetable oil in a large skillet or pot over medium-high heat"
Chicken Katsu Curry,"Fry the breaded chicken until golden brown and cooked through"
Chicken Katsu Curry,"Alternatively, bake the breaded chicken on a wire rack over a baking sheet at 400°F (200°C) for 20-25 minutes"
Chicken Katsu Curry,"Prepare your favorite curry sauce or use store-bought options"
Chicken Katsu Curry,"Serve the cooked chicken katsu over cooked rice and top with curry sauce"
Chicken Katsu Curry,"Garnish with shredded cabbage and sesame seeds (optional)"
Tom Yum Soup,"Prepare the stock: Add reserved shrimp shells and heads to water in a pot. Simmer for 20 minutes. Strain and discard shells"
Tom Yum Soup,"In a large pot, combine lemongrass, lime leaves, galangal, chilies, fish sauce, lime juice, sugar, and chile paste (optional)"
Tom Yum Soup,"Bring to a boil and simmer for 5 minutes"
Tom Yum Soup,"Add shrimp and simmer for 5-10 minutes, or until pink and cooked through"
Tom Yum Soup,"Add mushrooms and simmer for a few minutes"
Tom Yum Soup,"Serve hot, garnished with green onions (optional)"
Shepherd's Pie,"Preheat oven to 400°F (200°C)"
Shepherd's Pie,"Cook ground lamb or beef in a large skillet over medium heat until browned"
Shepherd's Pie,"Drain any excess fat"
Shepherd's Pie,"Add chopped onions and carrots to the skillet and cook until softened"
Shepherd's Pie,"Stir in tomato paste, Worcestershire sauce, and seasonings (thyme, rosemary)"
Shepherd's Pie,"Pour in beef broth or red wine (optional) and bring to a simmer"
Shepherd's Pie,"Simmer for 15-20 minutes, or until thickened"
Shepherd's Pie,"Transfer the meat mixture to a baking dish"
Shepherd's Pie,"Mash cooked potatoes with butter and milk until smooth"
Shepherd's Pie,"Spread the mashed potatoes over the meat mixture, creating a peak in the center"
Shepherd's Pie,"Bake for 20-25 minutes, or until golden brown"
Pancakes,"Whisk together flour, sugar, baking powder, and salt in a bowl"
Pancakes,"In a separate bowl, whisk together milk, egg, and melted butter"
Pancakes,"Combine the wet and dry ingredients until just combined (lumpy batter is okay)"
Pancakes,"Heat a lightly oiled griddle or skillet over medium heat"
Pancakes,"Pour 1/4 cup batter for each pancake"
Pancakes,"Cook for 2-3 minutes per side, or until golden brown and cooked through"
Pancakes,"Serve with butter, maple syrup, or your favorite toppings"
Kimchi Jjigae (Kimchi Stew),"Cut kimchi into bite-sized pieces"
Kimchi Jjigae,"Heat oil in a pot over medium heat"
Kimchi Jjigae,"Saute chopped onions, garlic, and ginger until fragrant"
Kimchi Jjigae,"Add the kimchi, tofu (cubed and pan-fried), and pork belly (sliced)"
Kimchi Jjigae,"Pour in fish sauce, soy sauce, and Korean chili flakes (gochugaru)"
Kimchi Jjigae,"Add water or vegetable broth to cover the ingredients"
Kimchi Jjigae,"Bring to a boil, then reduce heat and simmer for 15-20 minutes, or until softened"
Kimchi Jjigae,"Season with sugar and sesame oil to taste"
Kimchi Jjigae,"Serve hot with rice and a side of kimchi"
Green Curry with Chicken,"Marinate chicken pieces in green curry paste, coconut milk, and fish sauce for at least 30 minutes"
Green Curry with Chicken,"Heat oil in a wok or large pan over medium heat"
Green Curry with Chicken,"Saute chopped onions, bell peppers, and kaffir lime leaves (optional)"
Green Curry with Chicken,"Pour in the remaining coconut milk from the marinade"
Green Curry with Chicken,"Bring to a simmer and add the marinated chicken"
Green Curry with Chicken,"Simmer for 15-20 minutes, or until chicken is cooked through"
Green Curry with Chicken,"Add bamboo shoots, green beans, and Thai basil leaves (optional)"
Green Curry with Chicken,"Simmer for a few minutes until vegetables are tender-crisp"
Green Curry with Chicken,"Season with fish sauce, lime juice, and palm sugar (or brown sugar) to taste"
Green Curry with Chicken,"Serve with rice"
Chicken Shawarma,"Marinate chicken pieces in yogurt, lemon juice, spices (cumin, coriander, paprika) for at least 30 minutes"
Chicken Shawarma,"Thread marinated chicken onto skewers"
Chicken Shawarma,"Cook chicken shawarma on a grill, grill pan, or in a preheated oven at 400°F (200°C) for 20-25 minutes, or until cooked through"
Chicken Shawarma,"Slice chicken shawarma thinly"
Chicken Shawarma,"Serve in pita bread with your favorite toppings (tahini sauce, chopped vegetables, pickled onions)"
Hummus Wrap,"Spread hummus evenly on a whole wheat tortilla"
Hummus Wrap,"Add sliced chicken breast, falafel, or roasted vegetables"
Hummus Wrap,"Optional additions: crumbled feta cheese, chopped olives, fresh herbs"
Hummus Wrap,"Roll up the tortilla tightly"
Hummus Wrap,"Cut the wrap in half (optional)"
Potato Leek Soup,"Heat olive oil in a large pot or Dutch oven over medium heat"
Potato Leek Soup,"Add chopped onions and leeks, and cook until softened"
Potato Leek Soup,"Add chopped potatoes and garlic, and cook for a few minutes"
Potato Leek Soup,"Pour in vegetable broth and bring to a boil"
Potato Leek Soup,"Reduce heat and simmer for 15-20 minutes, or until potatoes are tender"
Potato Leek Soup,"Puree the soup with an immersion blender or in batches in a regular blender"
Potato Leek Soup,"Season with salt and pepper to taste"
Potato Leek Soup,"Optional additions: cream or milk for a richer texture, chopped fresh herbs (thyme, parsley)"
Potato Leek Soup,"Serve hot with crusty bread"
Butter Chicken,"Marinate chicken pieces in yogurt, lemon juice, ginger, garlic, and spices (garam masala, turmeric, coriander) for at least 30 minutes"
Butter Chicken,"Heat butter in a pan over medium heat"
Butter Chicken,"Add chopped onions and cook until softened"
Butter Chicken,"Add spices (cumin, coriander) and cook for 1 minute"
Butter Chicken,"Add chopped tomatoes (fresh or canned) and cook for 5 minutes"
Butter Chicken,"Pour in coconut milk and chicken broth"
Butter Chicken,"Bring to a simmer and add the marinated chicken"
Butter Chicken,"Simmer for 15-20 minutes, or until chicken is cooked through"
Butter Chicken,"Season with salt and pepper to taste"
Butter Chicken,"Serve over rice and garnish with fresh cilantro (optional)"
Caprese Pasta Salad,"Cook pasta according to package instructions"
Caprese Pasta Salad,"While the pasta is cooking, chop cherry tomatoes, fresh mozzarella cheese, and fresh basil"
Caprese Pasta Salad,"Drain the pasta and toss with olive oil and balsamic vinegar"
Caprese Pasta Salad,"Add the chopped tomatoes, mozzarella, and basil to the pasta"
Caprese Pasta Salad,"Season with salt and pepper to taste"
Caprese Pasta Salad,"Serve at room temperature or chilled"
Ratatouille Tian,"Preheat oven to 400°F (200°C)"
Ratatouille Tian,"Slice zucchini, eggplant, tomatoes, and bell peppers thinly and evenly"
Ratatouille Tian,"Arrange the sliced vegetables in a round or square baking dish in a decorative pattern (overlapping slightly)"
Ratatouille Tian,"Drizzle with olive oil, season with salt, pepper, and Provençal herbs (e.g., thyme, rosemary)"
Ratatouille Tian,"Pour in a splash of vegetable broth or white wine (optional)"
Ratatouille Tian,"Cover the dish with foil and bake for 30 minutes"
Ratatouille Tian,"Uncover the dish and bake for an additional 20-25 minutes, or until the vegetables are tender and slightly browned"
Ratatouille Tian,"Serve hot or at room temperature"
Chicken and Dumplings,"Cook diced chicken breasts or thighs in a pot with chicken broth, chopped onions, carrots, and celery until cooked through"
Chicken and Dumplings,"Remove chicken from the pot and shred it"
Chicken and Dumplings,"Prepare dumplings according to your preferred recipe using biscuit dough or a flour-based dough"
Chicken and Dumplings,"Increase heat to medium-high and bring the broth to a boil"
Chicken and Dumplings,"Drop dumplings by spoonfuls into the boiling broth"
Chicken and Dumplings,"Reduce heat to low, cover the pot, and simmer for 10-15 minutes, or until the dumplings are cooked through"
Chicken and Dumplings,"Return the shredded chicken to the pot and stir to combine"
Chicken and Dumplings,"Season with salt and pepper to taste"
Chicken and Dumplings,"Serve hot"
Baklava,"Preheat oven to 350°F (175°C)"
Baklava,"Prepare phyllo dough by thawing according to package directions"
Baklava,"Make a chopped nut filling using walnuts, pistachios, or a combination"
Baklava,"For the syrup, combine water, sugar, and lemon juice in a saucepan and simmer until sugar dissolves"
Baklava,"Brush a baking dish with melted butter"
Baklava,"Layer sheets of phyllo dough in the baking dish, brushing each sheet with butter"
Baklava,"Sprinkle some of the nut filling over the phyllo dough layers"
Baklava,"Repeat layering phyllo dough and nut filling, ending with a buttered phyllo dough layer on top"
Baklava,"Cut the baklava into desired shapes (e.g., diamonds, squares)"
Baklava,"Bake for 45-60 minutes, or until golden brown and crispy"
Baklava,"While still hot, pour the prepared syrup over the baklava"
Baklava,"Let cool completely before serving"
Club Sandwich,"Toast three slices of bread (white, wheat, or preferred type)"
Club Sandwich,"Spread mayonnaise on one slice of bread"
Club Sandwich,"Layer sliced cooked chicken breast or turkey breast on the mayonnaise-coated bread"
Club Sandwich,"Top with lettuce, tomato, and bacon or ham (optional)"
Club Sandwich,"Spread mayonnaise on another slice of bread and place it on top of the ingredients"
Club Sandwich,"Repeat layering with sliced cheese, lettuce, tomato, and another slice of cooked meat (optional)"
Club Sandwich,"Spread mayonnaise on the final slice of bread and place it on top to complete the sandwich"
Club Sandwich,"Secure the sandwich with toothpicks (optional)"
Club Sandwich,"Cut the sandwich in half diagonally and serve"
Beef Vindaloo,"Heat vegetable oil in a large skillet or Dutch oven over medium-high heat"
Beef Vindaloo,"Sauté chopped onions, garlic, and ginger until softened"
Beef Vindaloo,"Add diced beef (e.g., chuck roast) and cook until browned on all sides"
Beef Vindaloo,"Stir in curry powder, turmeric, chili powder, and other desired spices"
Beef Vindaloo,"Pour in coconut milk or tomato puree and bring to a simmer"
Beef Vindaloo,"Season with salt, sugar, and fish sauce (optional) to taste"
Beef Vindaloo,"Simmer for 30-45 minutes, or until the beef is tender and the sauce has thickened"
Beef Vindaloo,"Garnish with chopped fresh cilantro (optional)"
Beef Vindaloo,"Serve over cooked rice"
Tuna Noodle Casserole,"Cook elbow macaroni according to package instructions"
Tuna Noodle Casserole,"Drain the pasta and set aside"
Tuna Noodle Casserole,"In a saucepan, melt butter and whisk in flour. Cook for 1 minute"
Tuna Noodle Casserole,"Gradually whisk in milk and bring to a simmer. Cook until thickened"
Tuna Noodle Casserole,"Season the sauce with salt, pepper, and dried herbs (thyme, paprika)"
Tuna Noodle Casserole,"In a bowl, combine drained canned tuna, peas, and cooked pasta"
Tuna Noodle Casserole,"Pour the sauce over the pasta mixture and stir to combine"
Tuna Noodle Casserole,"Transfer the mixture to a baking dish"
Tuna Noodle Casserole,"Top with grated cheddar cheese or breadcrumbs (optional)"
Tuna Noodle Casserole,"Bake in a preheated oven at 375°F (190°C) for 20-25 minutes, or until bubbly and golden brown"
Chicken Marsala,"Season chicken breasts with salt and pepper"
Chicken Marsala,"Dredge chicken in flour"
Chicken Marsala,"Heat olive oil in a large skillet over medium-high heat"
Chicken Marsala,"Sear the chicken breasts until golden brown on both sides"
Chicken Marsala,"Remove chicken from the pan and set aside"
Chicken Marsala,"Add mushrooms to the pan and saute until softened"
Chicken Marsala,"Pour in Marsala wine and scrape up any browned bits from the bottom of the pan"
Chicken Marsala,"Let the Marsala wine reduce by half"
Chicken Marsala,"Add chicken broth and bring to a simmer"
Chicken Marsala,"Return the chicken breasts to the pan and simmer for 10-15 minutes, or until cooked through"
Chicken Marsala,"Stir in butter and heavy cream to create a smooth sauce"
Chicken Marsala,"Season with salt and pepper to taste"
Chicken Marsala,"Serve chicken Marsala with the sauce spooned over it, and mashed potatoes or pasta on the side"
Spring Rolls,"Prepare wonton wrappers according to package instructions (thaw if frozen)"
Spring Rolls,"Prepare your desired fillings (shredded vegetables, cooked chicken/pork, rice noodles)"
Spring Rolls,"Place a spoonful of filling in the center of a wonton wrapper"
Spring Rolls,"Fold the wrapper over the filling, forming a triangle shape"
Spring Rolls,"Moisten the edges of the wrapper with water to seal"
Spring Rolls,"Repeat with remaining wrappers and filling"
Spring Rolls,"Heat vegetable oil in a wok or deep fryer to 350°F (175°C)"
Spring Rolls,"Carefully fry the spring rolls in batches until golden brown and crispy"
Spring Rolls,"Drain on paper towels and serve with dipping sauce (sweet and sour sauce, chili sauce)"
Egg Salad Sandwich,"Hard-boil eggs and let them cool completely"
Egg Salad Sandwich,"Peel the eggs and chop them into small pieces"
Egg Salad Sandwich,"In a bowl, mash the eggs with mayonnaise, mustard, and chopped onions (optional)"
Egg Salad Sandwich,"Season with salt and pepper to taste"
Egg Salad Sandwich,"Spread the egg salad mixture on slices of bread"
Egg Salad Sandwich,"Top with lettuce, tomato, and other desired toppings (cucumber, sprouts)"
Egg Salad Sandwich,"Enjoy as an open faced sandwich or cut the bread slices in half for a closed sandwich"
Tom Kha Gai (Thai Chicken Coconut Soup),"Heat coconut milk in a pot over medium heat"
Tom Kha Gai (Thai Chicken Coconut Soup),"Add lemongrass, galangal, kaffir lime leaves, and chilies (bruised or sliced)"
Tom Kha Gai (Thai Chicken Coconut Soup),"Simmer for 10 minutes to infuse the flavors"
Tom Kha Gai (Thai Chicken Coconut Soup),"Remove the aromatics (lemongrass, galangal, kaffir lime leaves)"
Tom Kha Gai (Thai Chicken Coconut Soup),"Add chicken pieces and simmer for 10-15 minutes, or until cooked through"
Tom Kha Gai (Thai Chicken Coconut Soup),"Season with fish sauce, lime juice, and palm sugar (or brown sugar)"
Tom Kha Gai (Thai Chicken Coconut Soup),"Reduce heat to low and stir in beaten eggs. The eggs should poach in the hot soup"
Tom Kha Gai (Thai Chicken Coconut Soup),"Garnish with chopped fresh cilantro, lime wedges, and sliced red chilies (optional)"
Tom Kha Gai (Thai Chicken Coconut Soup),"Serve hot with rice or noodles" 
Grilled Cheese Sandwich,"Butter one side of each bread slice"
Grilled Cheese Sandwich,"Heat a non-stick skillet or griddle over medium heat"
Grilled Cheese Sandwich,"Place one slice of bread, butter-side down, in the skillet"
Grilled Cheese Sandwich,"Top with your favorite cheese (e.g., cheddar, Gruyère, mozzarella)"
Grilled Cheese Sandwich,"Place the other slice of bread, butter-side up, on top of the cheese"
Grilled Cheese Sandwich,"Cook for 2-3 minutes per side, or until golden brown and cheese is melted"
Grilled Cheese Sandwich,"Serve immediately"
Beef Enchiladas,"Preheat oven to 375°F (190°C)"
Beef Enchiladas,"Cook ground beef in a skillet with chopped onions and garlic until browned"
Beef Enchiladas,"Drain any excess grease"
Beef Enchiladas,"Stir in your favorite enchilada sauce or diced tomatoes, chili powder, and cumin"
Beef Enchiladas,"Simmer for 10 minutes"
Beef Enchiladas,"Warm corn tortillas according to package directions (microwave, stovetop, etc.)"
Beef Enchiladas,"Spread a thin layer of enchilada sauce on the bottom of a baking dish"
Beef Enchiladas,"Place a spoonful of the beef mixture in the center of each tortilla"
Beef Enchiladas,"Roll up the tortillas and place them seam-side down in the baking dish"
Beef Enchiladas,"Pour remaining enchilada sauce over the enchiladas"
Beef Enchiladas,"Top with shredded cheese (e.g., cheddar, Monterey Jack)"
Beef Enchiladas,"Bake for 20-25 minutes, or until heated through and cheese is melted"
Beef Enchiladas,"Garnish with chopped cilantro or sour cream (optional)"
Pan-Seared Salmon with Lemon Butter Sauce,"Pat salmon fillets dry with paper towels"
Pan-Seared Salmon with Lemon Butter Sauce,"Season salmon with salt and pepper"
Pan-Seared Salmon with Lemon Butter Sauce,"Heat olive oil in a large skillet over medium-high heat"
Pan-Seared Salmon with Lemon Butter Sauce,"Sear the salmon skin-side down for 3-4 minutes, or until crispy"
Pan-Seared Salmon with Lemon Butter Sauce,"Carefully flip the salmon and cook for an additional 2-3 minutes, or until cooked through (depending on thickness)"
Pan-Seared Salmon with Lemon Butter Sauce,"While the salmon cooks, melt butter in a small saucepan over medium heat"
Pan-Seared Salmon with Lemon Butter Sauce,"Stir in lemon juice, chopped fresh parsley (optional), and a pinch of salt"
Pan-Seared Salmon with Lemon Butter Sauce,"Plate the cooked salmon and spoon the lemon butter sauce over the top"
Pad See Ew,"Prepare wide rice noodles according to package directions"
Pad See Ew,"Heat vegetable oil in a wok or large skillet over high heat"
Pad See Ew,"Scramble eggs in the hot oil until just set, then remove from the wok and set aside"
Pad See Ew,"Stir-fry sliced chicken or tofu in the wok for a few minutes"
Pad See Ew,"Add chopped garlic, chili peppers (optional), and chopped vegetables (e.g., broccoli, carrots, bean sprouts)"
Pad See Ew,"Stir-fry for 2-3 minutes, or until vegetables are tender-crisp"
Pad See Ew,"Push the ingredients to the side of the wok"
Pad See Ew,"Pour a beaten egg into the cleared space and scramble until cooked through"
Pad See Ew,"Add the cooked rice noodles, soy sauce, oyster sauce (optional), and a pinch of sugar"
Pad See Ew,"Toss everything together until well combined and heated through"
Pad See Ew,"Stir in the cooked scrambled eggs and serve immediately"
Chicken Stir-fry with Broccoli,"Cut boneless, skinless chicken breasts or thighs into thin strips"
Chicken Stir-fry with Broccoli,"Marinate the chicken in soy sauce, cornstarch (for thickening), and a pinch of ginger (optional) for 10 minutes"
Chicken Stir-fry,"Heat vegetable oil in a wok or large skillet over high heat"
Chicken Stir-fry with Broccoli,"Stir-fry the chicken until cooked through and golden brown"
Chicken Stir-fry with Broccoli,"Add florets of broccoli cut into bite-sized pieces"
Chicken Stir-fry with Broccoli,"Stir-fry for 2-3 minutes, or until broccoli is tender-crisp"
Chicken Stir-fry with Broccoli,"In a small bowl, whisk together soy sauce, rice vinegar, cornstarch, and a pinch of sugar to create a sauce"
Chicken Stir-fry with Broccoli,"Pour the sauce into the wok and stir-fry until thickened"
Chicken Stir-fry with Broccoli,"Serve immediately over cooked rice"
Chicken Pot Pie with Puff Pastry,"Preheat oven to 400°F (200°C)"
Chicken Pot Pie with Puff Pastry,"Cook chicken breasts or thighs until cooked through. Shred or cube the chicken"
Chicken Pot Pie with Puff Pastry,"Saute chopped onions, carrots, and celery in butter or oil until softened"
Chicken Pot Pie with Puff Pastry,"Add chopped vegetables to a large pot or Dutch oven"
Chicken Pot Pie with Puff Pastry,"Stir in flour and cook for 1 minute"
Chicken Pot Pie with Puff Pastry,"Gradually whisk in chicken broth and bring to a simmer"
Chicken Pot Pie with Puff Pastry,"Add frozen peas, corn, or other desired vegetables"
Chicken Pot Pie with Puff Pastry,"Season the gravy with salt, pepper, and dried herbs (thyme, rosemary)"
Chicken Pot Pie with Puff Pastry,"Stir in cooked chicken and heat through"
Chicken Pot Pie with Puff Pastry,"Transfer the chicken pot pie mixture to a baking dish"
Chicken Pot Pie with Puff Pastry,"Thaw puff pastry according to package instructions"
Chicken Pot Pie with Puff Pastry,"Roll out the puff pastry sheet and cut it to fit the top of the baking dish"
Chicken Pot Pie with Puff Pastry,"Place the puff pastry dough on top of the pot pie mixture, crimping the edges to seal"
Chicken Pot Pie with Puff Pastry,"Brush the puff pastry with milk or egg wash (optional)"
Chicken Pot Pie with Puff Pastry,"Bake for 20-25 minutes, or until the puff pastry is golden brown and the filling is bubbly"
Chocolate Chip Cookies,"Cream together butter and sugars (brown and white) in a bowl until light and fluffy"
Chocolate Chip Cookies,"Beat in eggs one at a time, then stir in vanilla extract"
Chocolate Chip Cookies,"In a separate bowl, whisk together flour, baking soda, and salt"
Chocolate Chip Cookies,"Gradually add the dry ingredients to the wet ingredients, mixing until just combined"
Chocolate Chip Cookies,"Stir in chocolate chips"
Chocolate Chip Cookies,"Drop rounded tablespoons of dough onto baking sheets lined with parchment paper"
Chocolate Chip Cookies,"Bake in a preheated oven at 375°F (190°C) for 10-12 minutes, or until golden brown around the edges"
Chocolate Chip Cookies,"Let cookies cool on the baking sheet for a few minutes before transferring to a wire rack to cool completely"
Greek Salad,"Chop tomatoes, cucumbers, red onion, and feta cheese into bite-sized pieces"
Greek Salad,"Place the chopped vegetables and cheese in a bowl"
Greek Salad,"Add Kalamata olives (optional)"
Greek Salad,"For the dressing: whisk together olive oil, lemon juice, oregano, and seasonings (salt, pepper)"
Greek Salad,"Dress the salad with the desired amount of dressing"
Greek Salad,"Toss to combine and serve" 
Aloo Gobi (Potato and Cauliflower Curry),"Heat oil in a pan or pot over medium heat"
Aloo Gobi (Potato and Cauliflower Curry),"Add mustard seeds and cumin seeds. Let them splutter for a few seconds"
Aloo Gobi (Potato and Cauliflower Curry),"Add chopped onions and cook until softened"
Aloo Gobi (Potato and Cauliflower Curry),"Add ginger and garlic paste, and cook for a minute"
Aloo Gobi (Potato and Cauliflower Curry),"Add chopped tomatoes (fresh or canned) and cook for 5 minutes"
Aloo Gobi (Potato and Cauliflower Curry),"Stir in turmeric powder, coriander powder, cumin powder, and chili powder"
Aloo Gobi (Potato and Cauliflower Curry),"Add chopped potatoes and cauliflower florets"
Aloo Gobi (Potato and Cauliflower Curry),"Pour in water or vegetable broth to cover the vegetables"
Aloo Gobi (Potato and Cauliflower Curry),"Bring to a boil, then reduce heat and simmer for 15-20 minutes, or until potatoes and cauliflower are tender"
Aloo Gobi (Potato and Cauliflower Curry),"Season with salt and garam masala (optional)"
Aloo Gobi (Potato and Cauliflower Curry),"Garnish with chopped fresh cilantro (optional)"
Aloo Gobi (Potato and Cauliflower Curry),"Serve hot with rice or naan bread"
Bun Bo Hue (continued),"Season the broth with fish sauce, sugar, and salt to taste"
Bun Bo Hue,"In a separate pan, saute sliced beef shank and brisket until browned"
Bun Bo Hue,"Add the browned beef to the broth along with sliced pork hocks (optional)"
Bun Bo Hue,"Simmer for another 30 minutes"
Bun Bo Hue,"Boil rice noodles according to package instructions"
Bun Bo Hue,"Prepare accompaniments: thinly sliced onions, bean sprouts, fresh herbs (basil, mint), lime wedges, sliced chilies (optional)"
Bun Bo Hue,"To assemble: Place cooked rice noodles in a bowl"
Bun Bo Hue,"Top with sliced cooked beef, pork (if using), and other desired protein (shrimp, sliced sausage)"
Bun Bo Hue,"Ladle the hot broth over the noodles and meat"
Bun Bo Hue,"Add desired accompaniments and enjoy!"
Ful Medames,"Soak fava beans overnight in plenty of water"
Ful Medames,"Drain and rinse the soaked fava beans"
Ful Medames,"Cook the fava beans in a pot with fresh water, chopped onion, garlic clove (optional), and a bay leaf until tender"
Ful Medames,"Mash the cooked fava beans with a potato masher or fork to your desired consistency (chunky or smooth)"
Ful Medames,"Season the mashed fava beans with olive oil, lemon juice, tahini paste, cumin, and salt to taste"
Ful Medames,"For a richer flavor, mash in a boiled egg (optional)"
Ful Medames,"Serve hot with chopped parsley, chopped tomatoes, chopped red onion, olive oil, and pita bread"
Mofongo (Brazilian Mashed Plantains),"Peel green plantains (unripe)"
Mofongo (Brazilian Mashed Plantains),"Boil the plantains in salted water until tender"
Mofongo (Brazilian Mashed Plantains),"Alternatively, deep fry the plantains until golden brown and tender"
Mofongo (Brazilian Mashed Plantains),"Mash the cooked plantains with a mortar and pestle (traditional method) or a potato masher"
Mofongo (Brazilian Mashed Plantains),"While mashing, gradually add butter, garlic cloves (optional), and salt to taste"
Mofongo (Brazilian Mashed Plantains),"For a richer flavor, add some fried pork rinds (chicharrones) while mashing"
Mofongo (Brazilian Mashed Plantains),"Form the mashed plantains into balls or bowls"
Mofongo (Brazilian Mashed Plantains),"Serve hot with your desired accompaniments (e.g., fried meat, garlic shrimp, stews)"
Bangers and Mash,"Boil or bake sausages (bangers) until cooked through"
Bangers and Mash,"While the sausages cook, peel and chop potatoes"
Bangers and Mash,"Boil the chopped potatoes in salted water until tender"
Bangers and Mash,"Drain the potatoes and mash them with butter and milk (or cream) until smooth"
Bangers and Mash,"Season the mashed potatoes with salt and pepper to taste"
Bangers and Mash,"Serve the cooked sausages on a bed of mashed potatoes with gravy (optional)"
Etouffee (Cajun Stew),"Heat vegetable oil in a large pot or Dutch oven over medium heat"
Etouffee (Cajun Stew),"Add chopped onions, bell peppers, and celery, and cook until softened"
Etouffee (Cajun Stew),"Stir in chopped garlic and cook for an additional minute"
Etouffee (Cajun Stew),"Sprinkle with paprika, cayenne pepper, thyme, and black pepper"
Etouffee (Cajun Stew),"Cook for a minute, stirring constantly, to release the flavors of the spices"
Etouffee (Cajun Stew),"Dredge cubed chicken or shrimp (or a combination) in flour"
Etouffee (Cajun Stew),"Add the dredged chicken/shrimp to the pot and cook until browned on all sides"
Etouffee (Cajun Stew),"Pour in chicken broth or seafood stock and bring to a simmer"
Etouffee (Cajun Stew),"Reduce heat and simmer for 10-15 minutes, or until the chicken/shrimp is cooked through"
Etouffee (Cajun Stew),"In a small bowl, whisk together cornstarch and water to create a slurry"
Etouffee (Cajun Stew),"Gradually whisk the slurry into the pot to thicken the sauce (add more or less depending on desired consistency)"
Etouffee (Cajun Stew),"Season the sauce with salt and filé powder (optional) to taste"
Etouffee (Cajun Stew),"Serve hot over cooked rice"
Pho Ga (Vietnamese Chicken Noodle Soup),"Bring a large pot of water to a boil"
Pho Ga,"Add whole bone-in chicken pieces, chopped onion, ginger (optional), and star anise to the boiling water"
Pho Ga,"Reduce heat, skim any foam that rises, and simmer for 1-2 hours, or until the chicken is cooked through and broth is flavorful"
Pho Ga,"Remove the chicken from the pot and let it cool slightly"
Pho Ga,"Strain the broth and discard the solids"
Pho Ga,"Shred the cooked chicken meat"
Pho Ga,"Bring the broth back to a simmer"
Pho Ga,"Cook rice noodles according to package directions"
Pho Ga,"In a serving bowl, place cooked rice noodles, shredded chicken, and bean sprouts"
Pho Ga,"Pour the hot broth over the ingredients in the bowl"
Pho Ga,"Garnish with chopped green onions, chopped cilantro, and lime wedges"
Pho Ga,"Serve with side plates of sliced chilies and hoisin sauce (optional) for individual customization"
Pierogi (Polish Dumplings),"For the dough: Combine flour, salt, and water in a bowl. Knead until smooth and elastic. Let rest for 30 minutes"
Pierogi (Polish Dumplings),"For the filling (potato and cheese): Cook and mash potatoes. Mix with grated cheese, sauteed onions, and seasonings (salt, pepper)" 
Pierogi (Polish Dumplings),"Optional fillings: sauerkraut, ground meat and vegetables, sweet fillings (fruits, cheese)"
Pierogi (Polish Dumplings),"Roll out the dough thinly on a floured surface"
Pierogi (Polish Dumplings),"Use a cookie cutter to cut out circles of dough"
Pierogi (Polish Dumplings),"Place a spoonful of filling in the center of each dough circle"
Pierogi (Polish Dumplings),"Fold the dough over the filling and crimp the edges with a fork to seal"
Pierogi (Polish Dumplings),"Bring a large pot of salted water to a boil"
Pierogi (Polish Dumplings),"Cook the pierogi for 3-5 minutes, or until they float to the surface"
Pierogi (Polish Dumplings),"Serve with melted butter, fried onions, or sour cream"
Empanadas (Argentinian Pastries),"For the dough: Combine flour, salt, and butter. Cut in the butter with a pastry cutter or your fingers until crumbly"
Empanadas (Argentinian Pastries),"Stir in cold water, a little at a time, until a dough forms. Knead briefly until smooth"
Empanadas (Argentinian Pastries),"Wrap the dough in plastic wrap and refrigerate for at least 30 minutes"
Empanadas (Argentinian Pastries),"For the filling (beef): Saute ground beef with onions, peppers, and spices (cumin, paprika)"
Empanadas (Argentinian Pastries),"Optional fillings: shredded chicken, vegetables, cheese"
Empanadas (Argentinian Pastries),"Preheat oven to 400°F (200°C)"
Empanadas (Argentinian Pastries),"Roll out the dough thinly on a floured surface"
Empanadas (Argentinian Pastries),"Use a cookie cutter to cut out circles of dough"
Empanadas (Argentinian Pastries),"Place a spoonful of filling in the center of each dough circle"
Empanadas (Argentinian Pastries),"Fold the dough over the filling and crimp the edges with a fork to seal"
Empanadas (Argentinian Pastries),"Brush the empanadas with egg wash (optional)"
Empanadas (Argentinian Pastries),"Bake for 20-25 minutes, or until golden brown"
Gulasch (Hungarian Stew),"Heat oil in a large Dutch oven over medium heat"
Gulasch (Hungarian Stew),"Brown beef chunks (stewing beef or short ribs)"
Gulasch (Hungarian Stew),"Add chopped onions and cook until softened"
Gulasch (Hungarian Stew),"Stir in paprika, caraway seeds, and other spices (bay leaf, thyme)"
Gulasch (Hungarian Stew),"Pour in beef broth or red wine (optional)"
Gulasch (Hungarian Stew),"Bring to a boil, then reduce heat and simmer for 1-2 hours, or until beef is tender"
Gulasch (Hungarian Stew),"Add chopped potatoes, carrots, and green peppers (optional)"
Gulasch (Hungarian Stew),"Simmer for another 30 minutes, or until vegetables are tender"
Gulasch (Hungarian Stew),"Season with salt and pepper to taste"
Gulasch (Hungarian Stew),"Serve over mashed potatoes, rice, or egg noodles"
Colcannon (Irish Mashed Potatoes),"Boil and mash potatoes until smooth"
Colcannon (Irish Mashed Potatoes),"Saute chopped kale or cabbage with butter and onions until softened"
Colcannon (Irish Mashed Potatoes),"Mix the sauteed kale/cabbage into the mashed potatoes"
Colcannon (Irish Mashed Potatoes),"Season with salt, pepper, and butter"
Colcannon (Irish Mashed Potatoes),"Optional additions: chopped chives, grated cheese"
Bibimbap (Korean Mixed Rice Bowl),"Cook rice according to package instructions"
Bibimbap (Korean Mixed Rice Bowl),"Saute thinly sliced beef in a pan with soy sauce, sesame oil, and garlic"
Bibimbap (Korean Mixed Rice Bowl),"Prepare other toppings: julienned vegetables (carrots, spinach, cucumber), fried egg, marinated mushrooms (optional)"
Bibimbap (Korean Mixed Rice Bowl),"Top the rice with the sauteed beef and other prepared toppings, placing them in sections around the bowl"
Bibimbap (Korean Mixed Rice Bowl),"Optional: Add a dollop of gochujang (Korean chili paste) for a spicy kick"
Bibimbap (Korean Mixed Rice Bowl),"Serve with a sesame oil drizzle"
Jerk Chicken (American Dish),"Prepare the marinade: In a blender or food processor, combine Scotch bonnet pepper (deseeded for less heat), allspice berries, thyme, ginger, brown sugar, soy sauce, lime juice, and olive oil. Blend until smooth"
Jerk Chicken (American Dish),"Marinate the chicken: Place bone-in, skin-on chicken pieces (e.g., thighs, drumsticks) in a large bowl. Pour the jerk marinade over the chicken, coating it evenly. Cover and refrigerate for at least 2 hours, or preferably overnight for deeper flavor"
Jerk Chicken (American Dish),"Cook the chicken: Preheat oven to 400°F (200°C)"
Jerk Chicken (American Dish),"Place the marinated chicken pieces on a baking sheet lined with parchment paper"
Jerk Chicken (American Dish),"Bake for 30-40 minutes, or until the chicken is cooked through and the juices run clear"
Jerk Chicken (American Dish),"Optionally, for a smoky flavor, grill the chicken over medium heat for the last few minutes of cooking"
Jerk Chicken (American Dish),"Serve: Serve the jerk chicken with your favorite dipping sauces (e.g., BBQ sauce, hot sauce) and sides (e.g., rice and peas, coleslaw)"
Borsch (Beet Soup),"Bring a large pot of water to a boil"
Borsch (Beet Soup),"Add shredded or chopped beets, chopped onion, carrots, and potatoes to the boiling water"
Borsch (Beet Soup),"Reduce heat and simmer for 15-20 minutes, or until the vegetables are tender"
Borsch (Beet Soup),"While the vegetables simmer, shred or chop cabbage (optional)"
Borsch (Beet Soup),"After 15-20 minutes, add the cabbage (if using) and chopped tomatoes (fresh or canned) to the pot"
Borsch (Beet Soup),"Simmer for an additional 5 minutes"
Borsch (Beet Soup),"Season the soup with salt, pepper, and a squeeze of lemon juice to taste"
Borsch (Beet Goat),"Optional: For a richer flavor, add cooked shredded beef or ground beef that has been browned beforehand"
Borsch (Beet Soup),"Serve hot with a dollop of sour cream and chopped fresh dill (optional)"
Curried Goat (Mexican Dish),"Cut goat meat (bone-in or boneless) into bite-sized pieces"
Curried Goat (Mexican Dish),"Marinate the goat meat in a mixture of yogurt, curry powder, turmeric, ground cumin, chopped onion, garlic cloves (optional), and chopped fresh herbs (e.g., thyme, cilantro) for at least 30 minutes"
Curried Goat (Mexican Dish),"Heat vegetable oil in a large pot or Dutch oven over medium heat"
Curried Goat (Mexican Dish),"Sauté chopped onions and peppers (bell pepper, scotch bonnet pepper for heat) until softened"
Curried Goat (Mexican Dish),"Stir in the marinated goat meat and cook until browned on all sides"
Curried Goat (Mexican Dish),"Pour in coconut milk or chicken broth and bring to a simmer"
Curried Goat (Mexican Dish),"Reduce heat and simmer for 1-1.5 hours, or until the goat meat is tender"
Curried Goat (Mexican Dish),"Season the curry with salt and additional curry powder to taste"
Curried Goat (Mexican Dish),"Serve hot over cooked rice with chopped green onions for garnish (optional)"
Lumpia (Thai Spring Rolls, not Thai):"Prepare lumpia wrappers according to package directions (thaw if frozen)"
Lumpia (Thai Spring Rolls),"Prepare the filling:  Sauté ground pork, chopped onions, garlic cloves (optional), and chopped vegetables (e.g., carrots, peas) until cooked through"
Lumpia (Thai Spring Rolls),"Season the filling with soy sauce, fish sauce (optional), and chopped green onions"
Lumpia (Thai Spring Rolls),"Place a spoonful of the filling in the center of a lumpia wrapper"
Lumpia (Thai Spring Rolls),"Fold the wrapper into a tight roll, sealing the edges with a water-flour paste"
Lumpia (Thai Spring Rolls),"Deep fry the lumpia rolls in hot oil (350°F/175°C) until golden brown and crispy"
Lumpia (Thai Spring Rolls),"Drain on paper towels to remove excess oil"
Lumpia (Thai Spring Rolls),"Serve hot with your favorite dipping sauce (e.g., sweet and sour sauce, vinegar dipping sauce)"
Tom Kha Kai Kai Dao (Thai Coconut Curry with Omelet),"Grind dried chilies (soaked 15 min.), lemongrass, galangal (optional), shallot, kaffir lime leaves, shrimp paste, turmeric, coriander root (optional), cumin seeds (optional), and salt into a paste using mortar and pestle or food processor"
Tom Kha Kai Kai Dao (Thai Coconut Curry with Omelet),"Whisk eggs with fish sauce (optional) in a bowl"
Tom Kha Kai Kai Dao (Thai Coconut Curry with Omelet),"Heat oil in a pan over medium heat and cook whisked eggs into an omelet, folding it in half when set"
Tom Kha Kai Kai Dao (Thai Coconut Curry with Omelet),"Heat coconut milk in a pot over medium heat"
Tom Kha Kai Kai Dao (Thai Coconut Curry with Omelet),"Stir in the curry paste and simmer for a few minutes"
Tom Kha Kai Kai Dao (Thai Coconut Curry with Omelet),"Add chicken pieces and simmer for 10-15 minutes"
Tom Kha Kai Kai Dao (Thai Coconut Curry with Omelet),"Season with fish sauce, palm sugar (or brown sugar), and lime juice"
Tom Kha Kai Kai Dao (Thai Coconut Curry with Omelet),"Add sliced mushrooms and simmer for an additional 5 minutes"
Tom Kha Kai Kai Dao (Thai Coconut Curry with Omelet),"Fold the cooked omelet into the curry and heat through for a minute or two"
Tom Kha Kai Kai Dao (Thai Coconut Curry with Omelet),"Serve Tom Kha Kai Kai Dao in bowls with garnish (fresh cilantro, kaffir lime leaves, coconut cream) and cooked rice on the side"
Sauerbraten (German Pot Roast),"Marinate beef roast (round or chuck roast) in a mixture of red wine, vinegar, onions, carrots, and spices (bay leaves, peppercorns) for several days (3-5 days) in the refrigerator"
Sauerbraten (German Pot Roast),"Remove the beef from the marinade and brown it in a hot pan"
Sauerbraten (German Pot Roast),"Strain the marinade and add it to a pot along with water or beef broth"
Sauerbraten (German Pot Roast),"Bring the marinade to a boil, then reduce heat and simmer for a few hours, or until the beef is tender"
Sauerbraten (German Pot Roast),"Remove the beef from the pot and let it cool slightly"
Sauerbraten (German Pot Roast),"Strain the cooking liquid and thicken it with a roux (butter and flour) if desired"
Sauerbraten (German Pot Roast),"Slice the beef and serve with the sauce, mashed potatoes, and red cabbage (optional)"
Bulgogi (Korean Marinated Beef),"Thinly slice beef (bulgogi cut or flank steak)"
Bulgogi (Korean Marinated Beef),"Marinate the beef in a mixture of soy sauce, brown sugar, garlic, ginger, sesame oil, and other spices (gochujang for spice) for at least 30 minutes"
Bulgogi (Korean Marinated Beef),"Heat a grill or grill pan over medium-high heat"
Bulgogi (Korean Marinated Beef),"Grill the marinated beef for a few minutes per side, or until cooked through"
Bulgogi (Korean Marinated Beef),"Serve bulgogi on lettuce wraps with kimchi, rice, or noodles"
Nigerian Jollof Rice,"Heat vegetable oil in a pot over medium heat"
Nigerian Jollof Rice,"Chop onions, bell peppers, and tomatoes. Add them to the pot and saute until softened"
Nigerian Jollof Rice,"Add tomato paste, spices (thyme, bay leaf, curry powder), and stock (chicken or vegetable)"
Nigerian Jollof Rice,"Bring to a boil, then reduce heat and simmer for 10 minutes"
Nigerian Jollof Rice,"Rinse long-grain rice and add it to the pot"
Nigerian Jollof Rice,"Pour in enough stock or water to cover the rice by about an inch"
Nigerian Jollof Rice,"Season with salt and pepper to taste"
Nigerian Jollof Rice,"Bring to a boil, then reduce heat to low, cover the pot, and simmer for 15-20 minutes, or until the rice is cooked and fluffy"
Nigerian Jollof Rice,"Optional additions: cooked chicken, peas, or other vegetables"
Sarma (Stuffed Cabbage Leaves),"Separate the cabbage leaves from the head by blanching the cabbage in boiling water"
Sarma (Stuffed Cabbage Leaves),"Make the filling: Combine ground meat (beef, lamb, or a mixture), cooked rice, chopped onions, and spices (salt, pepper, paprika)"
Sarma (Stuffed Cabbage Leaves),"Place a spoonful of filling on the wide end of a cabbage leaf"
Sarma (Stuffed Cabbage Leaves),"Fold the sides of the leaf over the filling, then roll up tightly"
Sarma (Stuffed Cabbage Leaves),"Arrange the stuffed cabbage leaves in a large pot, seam side down"
Sarma (Stuffed Cabbage Leaves),"Pour in tomato sauce or broth to cover the sarma"
Sarma (Stuffed Cabbage Leaves),"Bring to a boil, then reduce heat and simmer for 1-2 hours, or until the cabbage leaves are tender and the filling is cooked through"
Sarma (Stuffed Cabbage Leaves),"Serve sarma hot with a dollop of sour cream or yogurt (optional)"
Gulas (Hungarian Goulash),"Heat oil in a large Dutch oven over medium heat"
Gulas (Hungarian Goulash),"Brown beef chunks (stewing beef or short ribs)"
Gulas (Hungarian Goulash),"Add chopped onions and cook until softened"
Gulas (Hungarian Goulash),"Stir in paprika, caraway seeds, and other spices (bay leaf, thyme)"
Gulas (Hungarian Goulash),"Pour in beef broth or red wine (optional)"
Gulas (Hungarian Goulash),"Bring to a boil, then reduce heat and simmer for 1-2 hours, or until beef is tender"
Gulas (Hungarian Goulash),"Optional additions: chopped potatoes, carrots, green peppers, chopped tomatoes (fresh or canned)"
Gulas (Hungarian Goulash),"Simmer for another 30 minutes, or until vegetables are tender"
Gulas (Hungarian Goulash),"Season with salt and pepper to taste"
Pirozhki (Russian Savory Buns),"Dissolve yeast and sugar in warm milk and let sit for 5-10 minutes"
Pirozhki (Russian Savory Buns),"In a large bowl, combine flour, salt, and melted butter"
Pirozhki (Russian Savory Buns),"Add the yeast mixture and knead into a soft dough"
Pirozhki (Russian Savory Buns),"Let the dough rise in a warm place for 1-2 hours, or until doubled in size"
Pirozhki (Russian Savory Buns),"Prepare your desired savory filling (e.g., ground meat, mashed potatoes, cabbage, mushrooms)"
Pirozhki (Russian Savory Buns),"Punch down the dough and divide it into equal pieces"
Pirozhki (Russian Savory Buns),"Roll each dough piece into a circle and place some filling in the center"
Pirozhki (Russian Savory Buns),"Pinch the dough edges to enclose the filling, forming a bun"
Pirozhki (Russian Savory Buns),"Optionally, brush the buns with egg wash for a golden brown color"
Pirozhki (Russian Savory Buns),"Bake the pirozhki in a preheated oven at 375°F (190°C) for 20-25 minutes, or until golden brown"
Chicken Kyiv (Chicken Kiev),"Pound boneless, skinless chicken breasts thin and even"
Chicken Kyiv (Chicken Kiev),"Season the chicken with salt and pepper"
Chicken Kyiv (Chicken Kiev),"Spread a pat of cold butter with herbs (e.g., parsley, dill) in the center of each chicken breast"
Chicken Kyiv (Chicken Kiev),"Carefully roll up the chicken breasts to enclose the butter"
Chicken Kyiv (Chicken Kiev),"Dip the rolled chicken in flour, then beaten egg, and finally breadcrumbs for a crispy coating"
Chicken Kyiv (Chicken Kiev),"Deep fry the breaded chicken or bake in a preheated oven at 400°F (200°C) for 20-25 minutes, or until cooked through"
Borscht (Ukrainian Borscht),"Bring a large pot of water to a boil"
Borscht (Ukrainian Borscht),"Add shredded or chopped beets, chopped onion, carrots, and potatoes to the boiling water"
Borscht (Ukrainian Borscht),"Reduce heat and simmer for 15-20 minutes, or until the vegetables are tender"
Borscht (Ukrainian Borscht),"While the vegetables simmer, shred cabbage (optional)"
Borscht (Ukrainian Borscht),"After 15-20 minutes, add the cabbage (if using) and chopped tomatoes (fresh or canned) to the pot"
Borscht (Ukrainian Borscht),"Simmer for an additional 5 minutes"
Borscht (Ukrainian Borscht),"Season the soup with salt, pepper, and a squeeze of lemon juice to taste"
Borscht (Ukrainian Borscht),"Optional: For a richer flavor, add cooked shredded beef or ground beef that has been browned beforehand"
Borscht (Ukrainian Borscht),"Serve hot with a dollop of sour cream and chopped fresh dill (optional)"
Shakshuka (Israeli Eggs in Spicy Tomato Sauce),"Heat olive oil in a large skillet over medium heat"
Shakshuka (Israeli Eggs in Spicy Tomato Sauce),"Sauté chopped onions and peppers (bell pepper, chili pepper for heat) until softened"
Shakshuka (Israeli Eggs in Spicy Tomato Sauce),"Add chopped tomatoes (fresh or canned) and your favorite spices (e.g., cumin, paprika, coriander)"
Shakshuka (Israeli Eggs in Spicy Tomato Sauce),"Simmer the tomato sauce for 10-15 minutes, allowing the flavors to meld"
Shakshuka (Israeli Eggs in Spicy Tomato Sauce),"Create wells in the simmering sauce and crack eggs carefully into each well"
Shakshuka (Israeli Eggs in Spicy Tomato Sauce),"Cover the skillet and simmer for 5-7 minutes, or until the egg whites are set and yolks are cooked to your preference"
Shakshuka (Israeli Eggs in Spicy Tomato Sauce),"Garnish with chopped fresh herbs (e.g., parsley, cilantro) and crumbled feta cheese (optional)"
Shakshuka (Israeli Eggs in Spicy Tomato Sauce),"Serve shakshuka hot with crusty bread for dipping"
Palačinky (Czech Sweet Crepes),"In a bowl, whisk together flour, sugar, salt, and eggs"
Palačinky (Czech Sweet Crepes),"Gradually whisk in milk until a smooth batter forms (thin consistency)"
Palačinky (Czech Sweet Crepes),"Melt butter in a non-stick pan or crepe pan over medium heat"
Palačinky (Czech Sweet Crepes),"Pour a ladleful of batter into the pan, swirling to coat the bottom"
Palačinky (Czech Sweet Crepes),"Cook for 1-2 minutes, or until the edges begin to brown and the bottom is loose"
Palačinky (Czech Sweet Crepes),"Use a spatula to carefully flip the crepe and cook for another 30 seconds, or until golden brown"
Palačinky (Czech Sweet Crepes),"Fill the cooked crepe with your desired sweet fillings (e.g., jam, Nutella, fruit, whipped cream)"
Palačinky (Czech Sweet Crepes),"Fold or roll the crepe and serve immediately"
Pörkölt (Hungarian Pork Stew),"Heat oil in a large Dutch oven over medium heat"
Pörkölt (Hungarian Pork Stew),"Brown cubed pork shoulder or stew meat"
Pörkölt (Hungarian Pork Stew),"Add chopped onions and cook until softened"
Pörkölt (Hungarian Pork Stew),"Stir in paprika, caraway seeds, and other spices (bay leaf, thyme)"
Pörkölt (Hungarian Pork Stew),"Pour in beef broth or red wine (optional)"
Pörkölt (Hungarian Pork Stew),"Bring to a boil, then reduce heat and simmer for 1-2 hours, or until pork is tender"
Pörkölt (Hungarian Pork Stew),"Optional additions: chopped potatoes, tomatoes (fresh or canned), bell peppers"
Pörkölt (Hungarian Pork Stew),"Simmer for another 30 minutes, or until vegetables are tender"
Pörkölt (Hungarian Pork Stew),"Season with salt and pepper to taste"
Pörkölt (Hungarian Pork Stew),"Serve with egg noodles, mashed potatoes, or rice"
Fiš paprikaš (Hungarian Fish Stew),"Heat oil in a large pot over medium heat"
Fiš paprikaš (Hungarian Fish Stew),"Saute chopped onions, peppers, and tomatoes (fresh or canned)"
Fiš paprikaš (Hungarian Fish Stew),"Add paprika, caraway seeds, and other spices (bay leaf, thyme)"
Fiš paprikaš (Hungarian Fish Stew),"Pour in white wine or fish broth"
Fiš paprikaš (Hungarian Fish Stew),"Bring to a boil, then reduce heat and simmer for 10 minutes"
Fiš paprikaš (Hungarian Puff Stew),"Add large pieces of white fish (cod, halibut)"
Fiš paprikaš (Hungarian Puff Stew),"Simmer for an additional 10-15 minutes, or until fish is cooked through"
Fiš paprikaš (Hungarian Puff Stew),"Season with salt and pepper to taste"
Fiš paprikaš (Hungarian Puff Stew),"Garnish with chopped fresh parsley (optional)"
Fiš paprikaš (Hungarian Puff Stew),"Serve hot with crusty bread"
Špekáčky (Grilled Sausages),"Preheat grill or grill pan to medium-high heat"
Špekáčky (Grilled Sausages),"Boil špekáčky (smoked sausages) in water for a few minutes (optional, to split the casings)"
Špekáčky (Grilled Sausages),"Grill the špekáčky for a few minutes per side, or until browned and cooked through"
Špekáčky (Grilled Sausages),"Špekáčky can also be pan-fried or baked"
Špekáčky (Grilled Sausages),"Serve špekáčky on hamburger buns with mustard, ketchup, and sauerkraut (optional)"
Burek (Serbian Savory Pie),"Make the dough: Combine flour, water, oil, and salt. Knead until smooth and elastic. Let rest for 30 minutes"
Burek (Serbian Savory Pie),"Prepare the filling: Saute chopped onions, ground meat (beef or lamb), and spices (paprika, cumin)"
Burek (Serbian Savory Pie),"Optional fillings: spinach and cheese, potato and cheese, just cheese"
Burek (Serbian Savory Pie),"Roll out the dough thinly on a floured surface"
Burek (Serbian Savory Pie),"Brush the dough with melted butter or oil"
Burek (Serbian Savory Pie),"Sprinkle the filling over the dough"
Burek (Serbian Savory Pie),"Roll up the dough jelly-roll style"
Burek (Serbian Savory Pie),"Cut the roll into pieces and place them in a greased baking dish"
Burek (Serbian Savory Pie),"Brush the burek with beaten egg (optional)"
Burek (Serbian Savory Pie),"Bake in a preheated oven at 375°F (190°C) for 40-45 minutes, or until golden brown"
Ajvar (Serbian Pepper Spread),"Roast red bell peppers in the oven until blackened"
Ajvar (Serbian Pepper Spread),"Alternatively, grill the peppers over an open flame"
Ajvar (Serbian Pepper Spread),"Peel the roasted peppers and remove the seeds"
Ajvar (Serbian Pepper Spread),"Puree the peppers in a food processor with olive oil, garlic (optional), and a squeeze of lemon juice (optional)"
Ajvar (Serbian Pepper Spread),"Season with salt and pepper to taste"
Ajvar (Serbian Pepper Spread),"Simmer the pepper puree in a pot over low heat for 10-15 minutes, or until thickened"
Cottage Cheese Pancakes (Serbian Palačinke),"In a medium bowl, combine cottage cheese, sugar, egg yolk, and vanilla extract (optional)"
Cottage Cheese Pancakes (Serbian Palačinke),"Mash the cottage cheese mixture with a fork or potato masher until mostly smooth (can leave some small curds)"
Cottage Cheese Pancakes (Serbian Palačinke),"In a separate bowl, whisk together flour, salt, and baking powder"
Cottage Cheese Pancakes (Serbian Palačinke),"Gradually whisk the dry ingredients into the cottage cheese mixture until just combined (batter should be slightly thick)"
Cottage Cheese Pancakes (Serbian Palačinke),"In a third small bowl, beat the egg white until stiff peaks form"
Cottage Cheese Pancakes (Serbian Palačinke),"Gently fold the whipped egg white into the batter until incorporated"
Cottage Cheese Pancakes (Serbian Palačinke),"Heat butter or oil in a non-stick pan or crepe pan over medium heat"
Cottage Cheese Pancakes (Serbian Palačinke),"Pour a ladleful of batter into the pan, swirling to coat the bottom"
Cottage Cheese Pancakes (Serbian Palačinke),"Cook for 1-2 minutes, or until the edges begin to brown and the bottom is loose"
Cottage Cheese Pancakes (Serbian Palačinke),"Use a spatula to carefully flip the crepe and cook for another 30 seconds, or until golden brown"
Cottage Cheese Pancakes (Serbian Palačinke),"Serve hot with your favorite toppings (e.g., sour cream, jam, fruit, maple syrup)"
Chicken Paprikash (Hungarian Paprika Chicken),"Cut boneless, skinless chicken thighs or breasts into bite-sized pieces"
Chicken Paprikash (Hungarian Paprika Chicken),"Season the chicken with salt and pepper"
Chicken Paprikash (Hungarian Paprika Chicken),"Heat vegetable oil in a large Dutch oven or pot over medium heat"
Chicken Paprikash (Hungarian Paprika Chicken),"Dredge the chicken pieces in flour and brown them on all sides in the hot oil"
Chicken Paprikash (Hungarian Paprika Chicken),"Remove the browned chicken from the pot and set aside"
Chicken Paprikash (Hungarian Paprika Chicken),"Add chopped onions and paprika to the pot, stirring to coat"
Chicken Paprikash (Hungarian Paprika Chicken),"Cook the onions and paprika for a few minutes, until softened and fragrant"
Chicken Paprikash (Hungarian Paprika Chicken),"Pour in chicken broth or white wine and scrape up any browned bits from the bottom of the pot"
Chicken Paprikash (Hungarian Paprika Chicken),"Bring the broth to a simmer and return the chicken pieces to the pot"
Chicken Paprikash (Hungarian Paprika Chicken),"Reduce heat and simmer for 15-20 minutes, or until the chicken is cooked through"
Chicken Paprikash (Hungarian Paprika Chicken),"In a small bowl, whisk together sour cream and egg yolk (optional) to create a thickening agent"
Chicken Paprikash (Hungarian Paprika Chicken),"Gradually whisk the sour cream mixture into the simmering sauce, stirring constantly"
Chicken Paprikash (Hungarian Paprika Chicken),"Season the sauce with additional paprika (to taste), salt, and pepper"
Chicken Paprikash (Hungarian Paprika Chicken),"Serve Chicken Paprikash over cooked egg noodles (optional) or rice"
Fish and Chips (English Classic),"Pat white fish fillets (cod, haddock) dry with paper towels"
Fish and Chips (English Classic),"Season the fish with salt and pepper"
Fish and Chips (English Classic),"Prepare a beer batter (optional) or a simple batter of flour, eggs, milk, and seasonings"
Fish and Chips (English Classic),"Dip the fish fillets in the batter, coating them evenly"
Fish and Chips (English Classic),"Heat vegetable oil in a large pot or deep fryer to 350°F (175°C)"
Fish and Chips (English Classic),"Carefully fry the battered fish for 3-5 minutes, or until golden brown and cooked through"
Fish and Chips (English Classic),"Peel and cut potatoes into thick sticks (chips)"
Fish and Chips (English Classic),"Par-boil the chips in boiling water for a few minutes to soften them slightly"
Fish and Chips (English Classic),"Drain the chips and let them dry completely"
Fish and Chips (English Classic),"Heat the oil in the pot or deep fryer to a higher temperature (375°F/190°C)"
Fish and Chips (English Classic),"Fry the par-boiled chips in batches for 2-3 minutes, or until golden brown and crispy"
Fish and Chips (English Classic),"Drain the chips on paper towels to remove excess oil"
Fish and Chips (English Classic),"Season the fried fish and chips with salt and malt vinegar (optional) for a classic English touch"
Fish and Chips (English Classic),"Serve hot with tartar sauce (recipe can be found online) for dipping"
Chicken Kiev Pie (English),"Prepare Chicken Kiev: Pound boneless, skinless chicken breasts thin and even. Season with salt and pepper. Spread a pat of cold butter with herbs (e.g., parsley, dill) in the center of each chicken breast. Carefully roll up the chicken breasts to enclose the butter. Dip the rolled chicken in flour, then beaten egg, and finally breadcrumbs for a crispy coating"
Chicken Kiev Pie (English),"Encase the rolled chicken breasts in puff pastry dough"
Chicken Kiev Pie (English),"Seal the puff pastry dough edges and brush with egg wash for a golden brown crust"
Chicken Kiev Pie (English),"Bake the Chicken Kiev Pie in a preheated oven at 400°F (200°C) for 25-30 minutes, or until the pastry is golden brown and the chicken is cooked through"
Chicken Kiev Pie (English),"Let the Chicken Kiev Pie cool slightly before serving. Slice and enjoy!"
Ukrainian Borscht with Meatballs,"In a separate bowl, combine ground beef, breadcrumbs, chopped onion (optional), egg (optional), salt, and pepper to make meatballs. Mix well and roll into small balls"
Ukrainian Borscht with Meatballs,"Brown the meatballs in a skillet with a little oil over medium heat. Once browned on all sides, drain any excess grease"
Ukrainian Borscht with Meatballs,"Bring a large pot of water to a boil"
Ukrainian Borscht with Meatballs,"Add shredded or chopped beets, chopped onion, carrots, and potatoes to the boiling water"
Ukrainian Borscht with Meatballs,"Reduce heat and simmer for 15-20 minutes, or until the vegetables are tender"
Ukrainian Borscht with Meatballs,"While the vegetables simmer, shred cabbage (optional)"
Ukrainian Borscht with Meatballs,"After 15-20 minutes, add the cabbage (if using) and chopped tomatoes (fresh or canned) to the pot"
Ukrainian Borscht with Meatballs,"Simmer for an additional 5 minutes"
Ukrainian Borscht with Meatballs,"Season the soup with salt, pepper, and a squeeze of lemon juice to taste"
Ukrainian Borscht with Meatballs,"Add the browned meatballs to the pot with the simmering vegetables and broth"
Ukrainian Borscht with Meatballs,"Continue simmering the borscht with meatballs for an additional 10-15 minutes, or until the meatballs are cooked through and the flavors have melded"
Ukrainian Borscht with Meatballs,"Serve hot with a dollop of sour cream and chopped fresh dill (optional)"
Kreplach (Jewish Dumplings),"For the dough: Combine flour, eggs, and water. Knead until smooth and elastic. Let rest for 30 minutes"
Kreplach (Jewish Dumplings),"For the filling: Saute chopped onions and mushrooms. Mix with mashed potatoes, grated cheese, and seasonings (salt, pepper)"
Kreplach (Jewish Dumplings),"Optional fillings: ground meat, sauerkraut, sweet fillings (fruit, cheese)"
Kreplach (Jewish Dumplings),"Roll out the dough thinly on a floured surface"
Kreplach (Jewish Dumplings),"Use a cookie cutter or a glass to cut out circles of dough"
Kreplach (Jewish Dumplings),"Place a spoonful of filling in the center of each dough circle"
Kreplach (Jewish Dumplings),"Fold the dough over the filling and crimp the edges with a fork to seal"
Kreplach (Jewish Dumplings),"Bring a large pot of salted water to a boil"
Kreplach (Jewish Dumplings),"Cook the kreplach for 3-5 minutes, or until they float to the surface"
Kreplach (Jewish Dumplings),"Serve with chicken soup, sour cream, or fried onions"
Solyanka (Russian Meat Stew),"Heat oil in a large pot or Dutch oven over medium heat"
Solyanka (Russian Meat Stew),"Brown cubed beef, sausage (kielbasa or andouille), and ham"
Solyanka (Russian Meat Stew),"Add chopped onions and cook until softened"
Solyanka (Russian Meat Stew),"Stir in tomato paste, sauerkraut, and beef broth"
Solyanka (Russian Meat Stew),"Bring to a boil, then reduce heat and simmer for 1-2 hours, or until the meat is tender"
Solyanka (Russian Meat Stew),"Optional additions: chopped vegetables (potatoes, carrots, olives)"
Solyanka (Russian Meat Stew),"Simmer for another 15 minutes, or until vegetables are tender"
Solyanka (Russian Meat Stew),"Season with salt, pepper, and a squeeze of lemon juice to taste"
Solyanka (Russian Meat Stew),"Garnish with chopped fresh dill or parsley (optional)"
Solyanka (Russian Meat Stew),"Serve hot with crusty bread"
Ceviche,"Cut fresh raw fish (such as tuna, salmon, or sea bass) into bite-sized cubes"
Ceviche,"Marinate the fish in lime juice, chopped onions, chilies, and cilantro for at least 30 minutes, or until the fish is opaque and cooked through by the acid"
Ceviche,"In a separate bowl, toss together chopped avocado, tomatoes, red onion, and chopped fresh cilantro"
Ceviche,"Season with salt and pepper to taste"
Ceviche,"Serve the ceviche with the avocado mixture, along with fried plantains or tortilla chips (optional)"
Coq au Vin,"Marinate chicken pieces (bone-in, skin-on) in red wine, brandy, onions, carrots, and herbs (thyme, bay leaf) for at least 4 hours, or overnight"
Coq au Vin,"Remove the chicken from the marinade and brown it in a hot pan"
Coq au Vin,"Strain the marinade and pour it into a pot or Dutch oven"
Coq au Vin,"Bring the marinade to a boil, then add the browned chicken and any vegetables from the marinade"
Coq au Vin,"Bring to a simmer and cook for 1-1.5 hours, or until the chicken is cooked through"
Coq au Vin,"Optional additions: pearl onions, mushrooms"
Coq au Vin,"Thicken the sauce with a roux (butter and flour) if desired"
Coq au Vin,"Serve coq au vin with mashed potatoes, rice, or egg noodles"
Gyoza (Japanese Dumplings),"For the wrappers: Combine flour, water, and a pinch of salt. Knead until smooth and elastic. Let rest for 30 minutes"
Gyoza (Japanese Dumplings),"For the filling: Ground pork, shredded cabbage, minced ginger, garlic, and soy sauce"
Gyoza (Japanese Dumplings),"Optional fillings: shrimp and vegetable, chicken and vegetable"
Gyoza (Japanese Dumplings),"Roll out the dough thinly on a floured surface"
Gyoza (Japanese Dumplings),"Use a gyoza wrapper cutter or a circle cutter to cut out rounds from the dough"
Gyoza (Japanese Dumplings),"Place a spoonful of filling in the center of each dough round"
Gyoza (Japanese Dumplings),"Moisten the edges of the dough with water"
Tiramisu,"Separate egg yolks from egg whites"
Tiramisu,"Beat the egg yolks with sugar until light and fluffy"
Tiramisu,"Whisk in mascarpone cheese until smooth"
Tiramisu,"In a separate bowl, beat the egg whites until stiff peaks form"
Tiramisu,"Gently fold the egg whites into the mascarpone mixture"
Tiramisu,"Dip ladyfingers (sponge cookies) in espresso or coffee"
Tiramisu,"Arrange a layer of ladyfingers in a baking dish"
Tiramisu,"Spread a layer of the mascarpone mixture over the ladyfingers"
Tiramisu,"Repeat the layers of ladyfingers and mascarpone mixture, ending with mascarpone"
Tiramisu,"Dust the top with cocoa powder"
Tiramisu,"Refrigerate for at least 4 hours, or overnight, for best results"
Croissants,"Make the dough: Combine flour, yeast, sugar, and salt. Add milk and egg, and knead until smooth and elastic. Let rise for 1-2 hours"
Croissants,"Fold in cold butter and perform several rounds of folding and resting the dough"
Croissants,"Roll out the dough into a rectangle, then fold it over itself several times (lamination)"
Croissants,"Cut the dough into triangles and roll them up crescent-shaped"
Croissants,"Let the croissants rise again for 30-60 minutes"
Croissants,"Bake in a preheated oven at 375°F (190°C) for 20-25 minutes, or until golden brown and flaky"
Miso Soup,"Prepare dashi (Japanese fish broth) using kombu (kelp) and katsuobushi (dried bonito flakes)" 
Miso Soup,"Alternatively, use store-bought dashi"
Miso Soup,"Bring the dashi to a boil"
Miso Soup,"Reduce heat to low and add miso paste. Stir until miso is dissolved, but do not boil"
Miso Soup,"Optional additions: tofu, wakame seaweed, green onions"
Miso Soup,"Serve hot in bowls"
Tandoori Chicken,"Marinate chicken pieces (bone-in or boneless) in yogurt, lemon juice, ginger, garlic, and tandoori masala for at least 30 minutes, or preferably overnight"
Tandoori Chicken,"Preheat tandoor oven or grill to high heat"
Tandoori Chicken,"Thread the marinated chicken pieces onto skewers"
Tandoori Chicken,"Cook the chicken in the tandoor oven or on the grill, turning occasionally, until cooked through"
Tandoori Chicken,"The chicken will develop a reddish color from the tandoori masala"
Tandoori Chicken,"Serve tandoori chicken with naan bread, raita (yogurt sauce with cucumber), and chutney (optional)"
Ćevapčići (Grilled Minced Meat Rolls),"Mix ground beef or lamb with finely chopped onions, grated garlic, breadcrumbs, and spices (cayenne pepper, paprika, cumin)"
Ćevapčići (Grilled Minced Meat Rolls),"Season with salt and pepper to taste"
Ćevapčići (Grilled Minced Meat Rolls),"Shape the mixture into small sausages or elongated patties"
Ćevapčići (Grilled Minced Meat Rolls),"Preheat grill or grill pan to medium-high heat"
Ćevapčići (Grilled Minced Meat Rolls),"Grill the ćevapčići for a few minutes per side, or until cooked through"
Ćevapčići (Grilled Minced Meat Rolls),"Serve ćevapčići in somun bread (pita bread) with chopped onions, sour cream, and kajmak (cream similar to clotted cream, optional)"  
Pljeskavica (Grilled Flatbread Burger),"Mix ground beef and pork (or just beef) with chopped onions, garlic, paprika, and salt"
Pljeskavica (Grilled Flatbread Burger),"Optional additions: grated cheese, breadcrumbs, sparkling water (for a lighter texture)"
Pljeskavica (Grilled Flatbread Burger),"Form the mixture into thick patties larger than a hamburger"
Pljeskavica (Grilled Flatbread Burger),"Preheat grill or grill pan to medium-high heat"
Pljeskavica (Grilled Flatbread Burger),"Grill the pljeskavica for a few minutes per side, or until cooked through"
Pljeskavica (Grilled Flatbread Burger),"Serve pljeskavica on lepinja bread (Serbian flatbread) with chopped onions, kajmak (cream similar to clotted cream), ajvar (roasted red pepper spread), and sour cream (optional)"
Punjene Paprike (Stuffed Peppers),"Halve bell peppers and remove seeds and membranes"
Punjene Paprike,"Prepare the filling: Saute ground meat (beef or lamb) with chopped onions, rice, and spices (paprika, cumin)"
Punjene Paprike,"Optional fillings: vegetarian with lentils, mushrooms, or bulgur wheat"
Punjene Paprike,"Stuff the pepper halves with the filling"
Punjene Paprike,"Place the stuffed peppers in a baking dish or pot"
Punjene Paprike,"Pour tomato sauce or broth over the peppers"
Punjene Paprike,"Bake in a preheated oven at 375°F (190°C) for 45-50 minutes, or until the peppers are tender and the filling is cooked through"
Gibanica (Savory Pie),"Make the dough: Combine flour, water, oil, and salt. Knead until smooth and elastic. Let rest for 30 minutes"
Gibanica (Savory Pie),"Prepare the fillings: One filling can be a mixture of sauteed onions, grated cheese (feta or phyllo cheese), and eggs"
Gibanica (Savory Pie),"Another filling can be chopped spinach sauteed with garlic and ricotta cheese"
Gibanica (Savory Pie),"Optional fillings: minced meat, potatoes"
Gibanica (Savory Pie),"Roll out the dough thinly on a floured surface"
Gibanica (Savory Pie),"Brush the dough with melted butter or oil"
Gibanica (Savory Pie),"Layer the different fillings on the dough"
Gibanica (Savory Pie),"Roll up the dough jelly-roll style"
Gibanica (Savory Pie),"Coil the roll into a snail shape and place it in a greased baking dish"
Gibanica (Savory Pie),"Brush the top with beaten egg (optional)"
Gibanica (Savory Pie),"Bake in a preheated oven at 375°F (190°C) for 45-50 minutes, or until golden brown"
Pasulj (Bean Stew),"Soak dried beans (usually white beans) overnight in water"
Pasulj (Bean Stew),"Drain the beans and rinse them"
Pasulj (Bean Stew),"Boil the beans in water with chopped onions, carrots, and bay leaf"
Pasulj (Bean Stew),"Season with salt and pepper"
Pasulj (Bean Stew),"Optional additions: smoked sausage, diced tomatoes, chopped potatoes"
Pasulj (Bean Stew),"Simmer for several hours, or until the beans are tender"
Pasulj (Bean Stew),"You can mash some of the beans for a thicker stew (optional)"
Popara (Cornbread with Cheese),"Combine cornmeal, flour, salt, and baking powder in a bowl"
Popara (Cornbread with Cheese),"Gradually whisk in milk or buttermilk until a batter forms"
Popara (Cornbread with Cheese),"Stir in crumbled cheese (feta or cheddar)"
Popara (Cornbread with Cheese),"Heat oil in a skillet over medium heat"
Popara (Cornbread with Cheese),"Pour the batter into the skillet and cook for a few minutes per side, or until golden brown and cooked through"
Zeljanka (Sauerkraut Stew),"Saute chopped onions and smoked sausage in a pot"
Zeljanka (Sauerkraut Stew),"Add sauerkraut, diced tomatoes, and beef broth"
Zeljanka (Sauerkraut Stew),"Season with salt, pepper, and caraway seeds (optional)"
Zeljanka (Sauerkraut Stew),"Bring to a boil, then reduce heat and simmer for 30-45 minutes, or until the flavors have melded"