Recipies_name,description
Spiced Chickpea Curry with Coconut Milk,"Toast spices before grinding for better flavor."
One-Pan Lemon Garlic Salmon with Asparagus,"Sear salmon skin-side down for a crispy skin."
One-Pan Lemon Garlic Salmon with Asparagus,"Finish with a drizzle of extra virgin olive oil for richness."
Penne Arrabbiata,"Cook pasta al dente for the perfect texture."
Penne Arrabbiata,"Add a pinch of sugar to balance the acidity of the tomatoes."
Chicken Fajitas,"Cook peppers and onions until slightly caramelized for extra flavor."
Chicken Fajitas,"Serve with warm tortillas and your favorite toppings."
Beef and Broccoli Stir-fry,"Slice beef against the grain for tenderness."
Beef and Broccoli Stir-fry,"Use oyster sauce for depth of flavor."
Beef and Broccoli Stir-fry,"Finish with a sprinkle of toasted sesame seeds for texture."
Tuscan White Bean Soup,"Add a Parmesan rind to the soup while simmering for extra umami."
Tuscan White Bean Soup,"Serve with crusty bread for dipping."
Greek Yogurt Marinade Chicken Souvlaki,"Marinate chicken in Greek yogurt overnight for maximum tenderness."
Greek Yogurt Marinade Chicken Souvlaki,"Thread chicken onto skewers along with vegetables for a complete meal."
Greek Yogurt Marinade Chicken Souvlaki,"Serve with tzatziki sauce for dipping."
Pad Thai,"Soak noodles in warm water until pliable before stir-frying."
Pad Thai,"Add a handful of bean sprouts for crunch."
Ratatouille,"Use a variety of colorful vegetables for visual appeal."
Ratatouille,"Layer vegetables evenly in the baking dish for even cooking."
Ratatouille,"Finish with a drizzle of balsamic glaze for sweetness."
Chicken Tikka Masala,"Char chicken on the grill for a smoky flavor."
Chicken Tikka Masala,"Use a blend of spices including garam masala for complexity."
Chicken Tikka Masala,"Stir in a dollop of heavy cream at the end for richness."
Caprese Salad,"Use heirloom tomatoes for a variety of flavors and colors."
Caprese Salad,"Tear fresh basil leaves for the best aroma."
Caprese Salad,"Drizzle with balsamic reduction for a sweet contrast."
Beef Stroganoff,"Sauté mushrooms until golden brown for maximum flavor."
Beef Stroganoff,"Use a splash of brandy or cognac for depth of flavor."
Kung Pao Chicken,"Add dried red chilies for heat and flavor."
Kung Pao Chicken,"Stir-fry quickly over high heat for a smoky flavor."
Kung Pao Chicken,"Finish with a sprinkle of chopped green onions for freshness."
Salmon with Lemon Dill Sauce,"Grill salmon on cedar planks for a subtle smoky flavor."
Salmon with Lemon Dill Sauce,"Use fresh dill for the best aroma."
Salmon with Lemon Dill Sauce,"Drizzle with lemon-infused olive oil for brightness."
Scrambled Eggs,"Cook eggs low and slow for creamy texture."
Scrambled Eggs,"Stir in a dollop of cream cheese for extra creaminess."
Scrambled Eggs,"Season with freshly ground black pepper just before serving."
Pasta Primavera,"Use a mix of seasonal vegetables for freshness."
Pasta Primavera,"Toss pasta with a splash of pasta cooking water for silkiness."
Pasta Primavera,"Top with shaved Parmesan cheese for a salty kick."
Beef Wellington,"Wrap beef tightly in prosciutto before wrapping in pastry for extra flavor."
Beef Wellington,"Brush pastry with egg wash for a golden crust."
Tuna Salad Sandwich,"Mix tuna with diced celery and red onion for crunch."
Tuna Salad Sandwich,"Spread bread with a thin layer of Dijon mustard for tanginess."
Tuna Salad Sandwich,"Layer with fresh lettuce and tomato for freshness."
Chicken Pot Pie,"Add a handful of frozen peas for sweetness."
Chicken Pot Pie,"Brush pastry with melted butter for extra richness."
Chicken Pot Pie,"Cut slits in the pastry to allow steam to escape."
Sushi Bake,"Top with toasted sesame seeds for crunch."
Sushi Bake,"Drizzle with spicy mayo for extra flavor."
Sushi Bake,"Serve with nori sheets for wrapping."
Greek Yogurt Parfait with Granola and Berries,"Layer parfait in individual glasses for an elegant presentation."
Greek Yogurt Parfait with Granola and Berries,"Use honey or maple syrup to sweeten yogurt."
Shakshuka,"Crack eggs directly into the simmering sauce for even cooking."
Shakshuka,"Sprinkle with crumbled feta cheese for tanginess."
Chicken Alfredo,"Use freshly grated Parmesan cheese for the best flavor."
Chicken Alfredo,"Add a splash of white wine to the sauce for acidity."
Chicken Alfredo,"Garnish with chopped parsley for freshness."
Tacos,"Char tortillas over an open flame for smoky flavor."
Tacos,"Serve with a variety of toppings for customization."
Mushroom Risotto,"Use a mix of dried and fresh mushrooms for depth of flavor."
Mushroom Risotto,"Stir in a knob of butter at the end for richness."
Mushroom Risotto,"Finish with a sprinkle of chopped parsley for freshness."
Lasagna,"Let lasagna rest for 10-15 minutes before serving for easier slicing."
Lasagna,"Serve with garlic bread and a side salad."
Bibimbap,"Cook rice in a stone bowl for crispy rice crust."
Bibimbap,"Top with a fried egg for richness."
Bibimbap,"Serve with a side of kimchi for extra flavor."
Chicken Noodle Soup,"Use a mix of white and dark meat for depth of flavor."
Chicken Noodle Soup,"Add a splash of lemon juice before serving for brightness."
Chicken Noodle Soup,"Garnish with chopped parsley for freshness."
Hummus and Veggie Wrap,"Spread hummus evenly over the wrap for a creamy base."
Hummus and Veggie Wrap,"Add a variety of colorful vegetables for freshness and crunch."
Beef Bourguignon,"Sear beef in batches for a deep, caramelized flavor."
Fish Tacos,"Use fresh, flaky fish like cod or tilapia for the best taste."
Fish Tacos,"Top with tangy coleslaw for crunch and brightness."
Black Bean Burgers,"Season black bean mixture generously with spices for flavor."
Lentil Soup,"Simmer soup with a Parmesan rind for extra richness."
Chicken Caesar Salad,"Massage dressing into kale leaves for better absorption."
French Toast,"Soak bread in custard mixture for at least 5 minutes per side."
French Toast,"Cook over medium heat until golden brown and crispy."
Moussaka,"Sweat eggplant slices to remove excess moisture before layering."
Paella Valenciana,"Use high-quality Spanish saffron for authentic flavor and color."
Paella Valenciana,"Cook rice in a wide, shallow pan for the best texture."
Falafel Pita Pockets,"Fry falafel until golden brown and crispy on the outside."
Falafel Pita Pockets,"Stuff pita pockets with lettuce, tomatoes, and tahini sauce for a complete meal."
Tom Yum Soup,"Use fresh lemongrass, kaffir lime leaves, and galangal for authentic flavor."
Tom Yum Soup,"Finish with a squeeze of fresh lime juice for brightness."
Shepherd's Pie,"Top mashed potatoes with grated cheese for a golden crust."
Shepherd's Pie,"Use a mix of ground lamb and beef for depth of flavor."
Pancakes,"Add a splash of vanilla extract to the batter for extra flavor."
Pancakes,"Cook pancakes on a hot griddle until bubbles form on the surface."
Kimchi Jjigae (Kimchi Stew),"Use aged kimchi for maximum flavor."
Kimchi Jjigae (Kimchi Stew),"Add tofu and pork belly for protein and richness."
Green Curry with Chicken,"Use homemade green curry paste for the freshest taste."
Green Curry with Chicken,"Simmer chicken in coconut milk until tender."
Guacamole,"Use ripe avocados for the best texture."
Guacamole,"Add finely diced onions, tomatoes, and cilantro for flavor and color."
Spaghetti Carbonara,"Toss pasta with egg and cheese mixture off the heat to prevent scrambling."
Spaghetti Carbonara,"Use pancetta or guanciale for authentic flavor."
Fruit Salad,"Mix a variety of seasonal fruits for color and flavor."
Fruit Salad,"Dress with a simple honey-lime vinaigrette for sweetness."
Apple Crumble,"Use a mix of tart and sweet apples for balanced flavor."
Apple Crumble,"Top with a crispy oat crumble mixture for texture."
Chicken Katsu Curry,"Pound chicken breasts evenly for uniform cooking."
Chicken Katsu Curry,"Coat chicken in panko breadcrumbs for crunch."
Chicken Shawarma,"Marinate chicken in yogurt and spices overnight for maximum flavor."
Chicken Shawarma,"Serve in warm pita bread with garlic sauce and pickles."
Hummus Wrap,"Spread hummus evenly over the wrap for a creamy base."
Hummus Wrap,"Add a variety of colorful vegetables for freshness and crunch."
Potato Leek Soup,"Sweat leeks until soft and translucent for sweetness."
Potato Leek Soup,"Blend soup until smooth for a creamy texture."
Butter Chicken,"Marinate chicken in yogurt and spices for tenderness."
Butter Chicken,"Simmer chicken in creamy tomato sauce until cooked through."
Caprese Pasta Salad,"Use cherry tomatoes and bocconcini for bite-sized pieces."
Caprese Pasta Salad,"Toss with fresh basil and balsamic vinaigrette for flavor."
Ratatouille Tian,"Layer vegetables in a spiral pattern for an attractive presentation."
Ratatouille Tian,"Bake until vegetables are tender and slightly caramelized."
Chicken and Dumplings,"Use bone-in, skin-on chicken thighs for the best flavor."
Chicken and Dumplings,"Drop dumpling batter by the spoonful into simmering broth."
Baklava,"Layer phyllo dough with melted butter and chopped nuts for richness."
Baklava,"Drizzle with honey syrup for sweetness and shine."
Club Sandwich,"Layer with crispy bacon, turkey, lettuce, and tomato for a classic combination."
Club Sandwich,"Spread mayonnaise evenly on toasted bread for moisture."
Beef Vindaloo,"Marinate beef in vinegar and spices for at least 4 hours for flavor penetration."
Beef Vindaloo,"Cook onions and spices until caramelized for depth of flavor."
Tuna Noodle Casserole,"Top with breadcrumbs mixed with melted butter for a crispy topping."
Tuna Noodle Casserole,"Add frozen peas for sweetness and color."
Tuna Noodle Casserole,"Mix in a splash of Worcestershire sauce for depth of flavor."
Chicken Marsala,"Deglaze the pan with Marsala wine for depth of flavor."
Chicken Marsala,"Add sliced mushrooms for earthy richness."
Chicken Marsala,"Finish with a sprinkle of fresh chopped parsley for brightness."
Spring Rolls,"Use fresh herbs like mint and cilantro for brightness."
Spring Rolls,"Add shredded lettuce for crunch."
Spring Rolls,"Serve with a side of peanut dipping sauce for extra flavor."
Egg Salad Sandwich,"Add a splash of vinegar to the egg salad for tanginess."
Egg Salad Sandwich,"Mix in finely chopped celery for crunch."
Egg Salad Sandwich,"Spread a layer of Dijon mustard on the bread for extra flavor."
Tom Kha Gai (Thai Chicken Coconut Soup),"Use fresh lemongrass, galangal, and kaffir lime leaves for authentic flavor."
Tom Kha Gai (Thai Chicken Coconut Soup),"Add Thai bird's eye chilies for heat."
Tom Kha Gai (Thai Chicken Coconut Soup),"Finish with a squeeze of fresh lime juice for brightness."
Grilled Cheese Sandwich,"Spread mayonnaise on the outside of the bread for a golden crust."
Grilled Cheese Sandwich,"Add sliced tomatoes for extra juiciness."
Grilled Cheese Sandwich,"Use a combination of cheeses like cheddar and mozzarella for flavor and meltability."
Beef Enchiladas,"Use a combination of cheese and enchilada sauce for richness."
Beef Enchiladas,"Garnish with fresh cilantro and chopped green onions for freshness."
Beef Enchiladas,"Serve with a side of sour cream and salsa for dipping."
Pan-Seared Salmon with Lemon Butter Sauce,"Sear salmon skin-side down for a crispy skin."
Pan-Seared Salmon with Lemon Butter Sauce,"Deglaze the pan with white wine before adding butter for extra flavor."
Pan-Seared Salmon with Lemon Butter Sauce,"Drizzle with lemon butter sauce just before serving for richness."
Pad See Ew,"Use wide rice noodles for an authentic texture."
Pad See Ew,"Add Chinese broccoli or regular broccoli for added greens."
Pad See Ew,"Finish with a sprinkle of white pepper for aromatic warmth."
Chicken Stir-fry with Broccoli,"Slice chicken thinly for quick cooking."
Chicken Stir-fry with Broccoli,"Marinate chicken in soy sauce, ginger, and garlic for extra flavor."
Chicken Stir-fry with Broccoli,"Add a handful of cashews or peanuts for crunch."
Chicken Pot Pie with Puff Pastry,"Use store-bought puff pastry for convenience."
Chicken Pot Pie with Puff Pastry,"Brush pastry with egg wash for a golden crust."
Chicken Pot Pie with Puff Pastry,"Cut slits in the pastry to allow steam to escape."
Chocolate Chip Cookies,"Chill cookie dough for at least 30 minutes before baking for thicker cookies."
Chocolate Chip Cookies,"Use a mix of semi-sweet and milk chocolate chips for a balanced flavor."
Chocolate Chip Cookies,"Bake until the edges are golden brown for a chewy texture."
Greek Salad,"Use a mix of olives, tomatoes, cucumbers, and feta cheese for a variety of flavors."
Greek Salad,"Toss with a simple vinaigrette made with olive oil, lemon juice, and oregano."
Greek Salad,"Garnish with a sprinkle of dried oregano and a few whole Kalamata olives for authenticity."
Aloo Gobi (Potato and Cauliflower Curry),"Toast spices in oil before adding vegetables for depth of flavor."
Aloo Gobi (Potato and Cauliflower Curry),"Simmer in coconut milk for creaminess."
Aloo Gobi (Potato and Cauliflower Curry),"Garnish with fresh cilantro leaves before serving for freshness."
Bun Bo Hue,"Simmer broth with beef bones and aromatic spices for richness."
Bun Bo Hue,"Top with thinly sliced beef, pork, and fresh herbs for a traditional touch."
Bun Bo Hue,"Serve with a side of lime wedges, bean sprouts, and chili sauce for customization."
Ful Medames,"Cook beans low and slow until creamy and tender."
Ful Medames,"Season with garlic, cumin, and lemon juice for flavor."
Ful Medames,"Serve with warm pita bread and a drizzle of olive oil for a complete meal."
Mofongo (Brazilian Mashed Plantains),"Fry plantains until golden brown and crispy."
Mofongo (Brazilian Mashed Plantains),"Mash with garlic, pork cracklings, and olive oil for flavor."
Mofongo (Brazilian Mashed Plantains),"Serve as a side dish with grilled meat or seafood."
Bangers and Mash,"Serve with onion gravy and peas for a classic British meal."
Bangers and Mash,"Mash potatoes with butter and milk until creamy."
Bangers and Mash,"Choose high-quality sausages for the best flavor."
Etouffee (Cajun Stew),"Cook roux until dark brown for a nutty flavor."
Etouffee (Cajun Stew),"Simmer with shrimp, crawfish, or chicken for protein."
Etouffee (Cajun Stew),"Serve over rice with a sprinkle of chopped green onions for garnish."
Pho Ga (Vietnamese Chicken Noodle Soup),"Simmer broth with chicken bones and aromatics for depth of flavor."
Pho Ga (Vietnamese Chicken Noodle Soup),"Cook noodles separately and add to the bowl before serving."
Pho Ga (Vietnamese Chicken Noodle Soup),"Garnish with bean sprouts, basil, lime wedges, and Sriracha for customization."
Pierogi (Polish Dumplings),"Boil pierogi until they float, then pan-fry until golden brown."
Pierogi (Polish Dumplings),"Fill with mashed potatoes, cheese, sauerkraut, or meat for variety."
Pierogi (Polish Dumplings),"Serve with sour cream or fried onions for dipping."
Empanadas (Argentinian Pastries),"Seal edges well to prevent filling from leaking out."
Empanadas (Argentinian Pastries),"Fill with a mixture of ground beef, onions, olives, and spices for classic flavor."
Empanadas (Argentinian Pastries),"Bake until golden brown and crispy."
Gulasch (Hungarian Stew),"Use paprika and caraway seeds for authentic flavor."
Gulasch (Hungarian Stew),"Simmer with beef, onions, and bell peppers until tender."
Gulasch (Hungarian Stew),"Serve over egg noodles or with crusty bread for soaking up the sauce."
Colcannon (Irish Mashed Potatoes),"Fold in cooked cabbage or kale for added texture and flavor."
Colcannon (Irish Mashed Potatoes),"Season with butter, salt, and pepper to taste."
Colcannon (Irish Mashed Potatoes),"Serve as a side dish with corned beef or sausages."
Bibimbap (Korean Mixed Rice Bowl),"Top with a fried egg for richness."
Bibimbap (Korean Mixed Rice Bowl),"Include a mix of vegetables like carrots, spinach, bean sprouts, and mushrooms."
Bibimbap (Korean Mixed Rice Bowl),"Drizzle with gochujang sauce for heat and flavor."
Jerk Chicken (American Dish),"Marinate chicken in jerk seasoning overnight for maximum flavor."
Jerk Chicken (American Dish),"Grill over charcoal for authentic smoky flavor."
Jerk Chicken (American Dish),"Serve with rice and peas for a traditional Jamaican meal."
Borsch (Beet Soup),"Garnish with a dollop of sour cream and fresh dill for brightness."
Borsch (Beet Soup),"Serve with crusty bread or pampushky for dipping."
Borsch (Beet Soup),"Add a splash of vinegar or lemon juice for acidity."
Curried Goat (Mexican Dish),"Simmer goat meat until tender in a fragrant curry sauce."
Curried Goat (Mexican Dish),"Serve with rice and peas or roti for a complete meal."
Curried Goat (Mexican Dish),"Garnish with chopped cilantro and sliced scotch bonnet peppers for heat."
Lumpia (Thai Spring Rolls),"Fry until golden brown and crispy."
Lumpia (Thai Spring Rolls),"Serve with sweet chili sauce or vinegar dipping sauce."
Lumpia (Thai Spring Rolls),"Fill with a mixture of ground pork, shrimp, carrots, and bean sprouts."
Tom Kha Kai Kai Dao (Thai Coconut Curry Omelet),"Pour beaten eggs over simmering curry for a fluffy omelet."
Tom Kha Kai Kai Dao (Thai Coconut Curry Omelet),"Add Thai basil leaves for fragrance."
Tom Kha Kai Kai Dao (Thai Coconut Curry Omelet),"Serve with jasmine rice for a satisfying meal."
Sauerbraten (German Pot Roast),"Marinate beef in vinegar, wine, and spices for at least 3 days for maximum flavor."
Sauerbraten (German Pot Roast),"Serve with traditional sides like red cabbage and potato dumplings."
Sauerbraten (German Pot Roast),"Slice beef thinly against the grain for tenderness."
Bulgogi (Korean Marinated Beef),"Thinly slice beef against the grain for tender bites."
Bulgogi (Korean Marinated Beef),"Marinate beef in a mixture of soy sauce, sugar, garlic, and sesame oil for at least 2 hours."
Bulgogi (Korean Marinated Beef),"Grill or stir-fry beef over high heat for caramelization."
Nigerian Jollof Rice,"Use long-grain parboiled rice for the best texture."
Nigerian Jollof Rice,"Cook rice with tomatoes, onions, and peppers for flavor."
Nigerian Jollof Rice,"Garnish with fried plantains and grilled chicken for a complete meal."
Sarma (Stuffed Cabbage Leaves),"Blanch cabbage leaves to soften before stuffing."
Sarma (Stuffed Cabbage Leaves),"Fill with a mixture of ground meat, rice, and spices."
Sarma (Stuffed Cabbage Leaves),"Simmer in tomato sauce until tender and flavorful."
Gulas (Hungarian Goulash),"Brown beef cubes before simmering for depth of flavor."
Gulas (Hungarian Goulash),"Cook low and slow until beef is tender and sauce is thick."
Gulas (Hungarian Goulash),"Serve with a dollop of sour cream and fresh parsley for freshness."
Pirozhki (Russian Savory Buns),"Fill dough with a variety of fillings like ground meat, potatoes, or cabbage."
Pirozhki (Russian Savory Buns),"Brush with egg wash before baking for a golden crust."
Pirozhki (Russian Savory Buns),"Serve warm as a snack or appetizer."
Chicken Kyiv (Chicken Kiev),"Butterfly chicken breasts and stuff with herbed butter for richness."
Chicken Kyiv (Chicken Kiev),"Coat stuffed chicken in breadcrumbs for crunch."
Chicken Kyiv (Chicken Kiev),"Fry until golden brown and crispy."
Borscht (Ukrainian Borscht),"Simmer beef or pork bones with vegetables for a rich broth."
Borscht (Ukrainian Borscht),"Add shredded cabbage, beets, and potatoes for heartiness."
Borscht (Ukrainian Borscht),"Garnish with a dollop of sour cream and fresh dill for brightness."
Shakshuka (Israeli Eggs in Spicy Tomato Sauce),"Simmer tomatoes, onions, and peppers until thickened."
Shakshuka (Israeli Eggs in Spicy Tomato Sauce),"Crack eggs into the sauce and cook until set."
Shakshuka (Israeli Eggs in Spicy Tomato Sauce),"Serve with crusty bread for dipping."
Palačinky (Czech Sweet Crepes),"Make a thin batter with flour, eggs, milk, and sugar."
Palačinky (Czech Sweet Crepes),"Cook until lightly golden on both sides."
Palačinky (Czech Sweet Crepes),"Fill with jam, Nutella, or fresh fruit for sweetness."
Pörkölt (Hungarian Pork Stew),"Brown pork cubes before simmering for depth of flavor."
Pörkölt (Hungarian Pork Stew),"Add onions, garlic, and paprika for richness."
Pörkölt (Hungarian Pork Stew),"Simmer until pork is tender and sauce is thick."
Fiš paprikaš (Hungarian Fish Stew),"Use a mix of freshwater fish like carp or catfish for authentic flavor."
Fiš paprikaš (Hungarian Fish Stew),"Simmer fish with onions, peppers, and tomatoes until tender."
Fiš paprikaš (Hungarian Fish Stew),"Finish with a dollop of sour cream and chopped parsley for freshness."
Špekáčky (Grilled Sausages),"Use high-quality sausages made with pork and beef."
Špekáčky (Grilled Sausages),"Grill over charcoal for smoky flavor."
Špekáčky (Grilled Sausages),"Serve with mustard and fresh bread for a simple meal."
Burek (Serbian Savory Pie),"Layer phyllo dough with a savory filling like cheese, meat, or spinach."
Burek (Serbian Savory Pie),"Bake until golden brown and crispy."
Burek (Serbian Savory Pie),"Serve warm as a snack or appetizer."
Ajvar (Serbian Pepper Spread),"Roast red bell peppers until charred, then peel and blend."
Ajvar (Serbian Pepper Spread),"Add garlic, olive oil, and vinegar for flavor."
Ajvar (Serbian Pepper Spread),"Serve with crusty bread or as a condiment for meats."
Cottage Cheese Pancakes (Serbian Palačinke),"Mix cottage cheese into pancake batter for creaminess."
Cottage Cheese Pancakes (Serbian Palačinke),"Cook until golden brown on both sides."
Cottage Cheese Pancakes (Serbian Palačinke),"Serve with sour cream and jam for sweetness."
Chicken Paprikash (Hungarian Paprika Chicken),"Brown chicken pieces before simmering for flavor."
Chicken Paprikash (Hungarian Paprika Chicken),"Cook with onions, peppers, and plenty of sweet paprika."
Chicken Paprikash (Hungarian Paprika Chicken),"Finish with a dollop of sour cream and fresh parsley for brightness."
Fish and Chips (English Classic),"Coat fish fillets in beer batter for a crispy coating."
Fish and Chips (English Classic),"Serve with thick-cut fries or chips for authenticity."
Fish and Chips (English Classic),"Sprinkle with malt vinegar and salt for seasoning."
Chicken Kiev Pie (English),"Fill pie crust with chicken breast stuffed with herbed butter."
Chicken Kiev Pie (English),"Bake until golden brown and bubbly."
Chicken Kiev Pie (English),"Serve with mashed potatoes and peas for a hearty meal."
Ukrainian Borscht with Meatballs,"Form meatballs with ground beef, rice, and seasonings."
Ukrainian Borscht with Meatballs,"Simmer in borscht until meatballs are cooked through."
Ukrainian Borscht with Meatballs,"Garnish with a dollop of sour cream and fresh dill for brightness."
Kreplach (Jewish Dumplings),"Fill dough with a mixture of ground meat, onions, and seasonings."
Kreplach (Jewish Dumplings),"Boil until cooked through, then serve in soup or with sauce."
Kreplach (Jewish Dumplings),"Garnish with chopped parsley for freshness."
Solyanka (Russian Meat Stew),"Simmer a mix of meats like beef, sausage, and ham for depth of flavor."
Solyanka (Russian Meat Stew),"Add pickles, olives, and capers for tanginess."
Solyanka (Russian Meat Stew),"Serve with a dollop of sour cream and fresh dill for brightness."
Ceviche,"Marinate fish or seafood in citrus juice until opaque and cooked through."
Ceviche,"Add diced onions, tomatoes, and cilantro for freshness."
Ceviche,"Serve with tortilla chips or toasted bread for scooping."
Coq au Vin,"Marinate chicken in red wine, garlic, and herbs for at least 4 hours."
Coq au Vin,"Brown chicken pieces before simmering for flavor."
Coq au Vin,"Cook with mushrooms, onions, and bacon for richness."
Gyoza,"Fill dumpling wrappers with a mixture of ground pork, cabbage, and garlic."
Gyoza,"Pan-fry until bottoms are crispy, then steam until cooked through."
Gyoza,"Serve with soy sauce, rice vinegar, and chili oil for dipping."
Chicken Curry,"Toast whole spices and grind them for maximum flavor."
Chicken Curry,"Cook onions, garlic, and ginger until caramelized for depth of flavor."
Chicken Curry,"Simmer chicken in coconut milk and tomato sauce until tender."
Sauerbraten,"Marinate beef in vinegar, wine, and spices for at least 3 days for maximum flavor."
Sauerbraten,"Serve with traditional sides like red cabbage and potato dumplings."
Sauerbraten,"Slice beef thinly against the grain for tenderness."
Falafel,"Soak chickpeas overnight for best texture."
Falafel,"Blend with herbs, spices, and baking powder until smooth."
Falafel,"Fry until golden brown and crispy on the outside, soft on the inside."
Goulash,"Brown beef cubes before simmering for depth of flavor."
Goulash,"Cook low and slow until beef is tender and sauce is thick."
Goulash,"Serve with a dollop of sour cream and fresh parsley for freshness."
Risotto,"Use Arborio rice for creamy texture."
Risotto,"Add warm broth gradually, stirring constantly, for even cooking."
Risotto,"Finish with butter and Parmesan cheese for richness."
Tiramisu,"Dip ladyfingers in coffee and rum for flavor."
Tiramisu,"Layer with mascarpone cheese mixture and cocoa powder for richness."
Tiramisu,"Chill overnight for best flavor and texture."
Croissants,"Use high-quality butter for laminating the dough."
Croissants,"Fold and roll the dough several times for flaky layers."
Croissants,"Bake until golden brown and crispy."
Miso Soup,"Simmer kombu and bonito flakes for umami-rich broth."
Miso Soup,"Add miso paste and tofu for depth and texture."
Miso Soup,"Garnish with sliced green onions and seaweed for authenticity."
Tandoori Chicken,"Marinate chicken in yogurt and spices for at least 4 hours."
Tandoori Chicken,"Grill over high heat for charred edges and smoky flavor."
Tandoori Chicken,"Serve with naan bread and mint chutney for a complete meal."
Ćevapčići (Grilled Minced Meat Rolls),"Mix ground meat with garlic, paprika, and salt for flavor."
Ćevapčići (Grilled Minced Meat Rolls),"Shape into small rolls and grill until cooked through."
Ćevapčići (Grilled Minced Meat Rolls),"Serve with ajvar and pita bread for dipping."
Pljeskavica (Grilled Flatbread Burger),"Combine ground beef and pork with onions and spices for flavor."
Pljeskavica (Grilled Flatbread Burger),"Form into large patties and grill until cooked through."
Pljeskavica (Grilled Flatbread Burger),"Serve in flatbread with ajvar, kajmak, and onions for a traditional meal."
Punjene Paprike (Stuffed Peppers),"Fill bell peppers with a mixture of ground meat, rice, and tomato sauce."
Punjene Paprike (Stuffed Peppers),"Simmer in tomato sauce until peppers are tender."
Punjene Paprike (Stuffed Peppers),"Serve with mashed potatoes or crusty bread for a hearty meal."
Gibanica (Savory Pie),"Layer phyllo dough with a mixture of cheese, eggs, and yogurt."
Gibanica (Savory Pie),"Bake until golden brown and crispy."
Gibanica (Savory Pie),"Serve warm as a side dish or appetizer."
Pasulj (Bean Stew),"Soak beans overnight for even cooking."
Pasulj (Bean Stew),"Simmer with onions, carrots, and smoked meat for flavor."
Pasulj (Bean Stew),"Serve with crusty bread and a dollop of sour cream for richness."
Popara (Cornbread with Cheese),"Top cornbread with cheese and bake until melted and bubbly."
Popara (Cornbread with Cheese),"Serve warm as a side dish or snack."
Popara (Cornbread with Cheese),"Drizzle with honey for sweetness, if desired."
Zeljanka (Sauerkraut Stew),"Simmer sauerkraut with onions, potatoes, and smoked meat for flavor."
Zeljanka (Sauerkraut Stew),"Add paprika and caraway seeds for depth of flavor."
Zeljanka (Sauerkraut Stew),"Serve with a dollop of sour cream and fresh parsley for brightness."